0,first_name,last_name,dob,team,hr,hits,avg,salary
1,Keith,Price,7/12/1993,Mauv,57,157,0.131,838593.6
2,Raymond,Carr,4/3/1983,Goldenrod,100,134,0.145,23846260.19
3,Michelle,Reid,9/21/1985,Goldenrod,37,11,0.366,14112879.61
4,Amanda,Turner,12/22/1997,Maroon,58,177,0.187,8047721.0
5,Walter,Holmes,10/15/1991,Maroon,42,143,0.764,4530102.0
6,Patricia,Willis,6/5/1992,Puce,16,223,0.321,42353702.18
7,Kimberly,Mason,9/14/1976,Turquoise,65,167,0.634,19663497.48
8,Judy,Hudson,2/10/1995,Teal,100,207,0.473,20733338.51
9,Cheryl,Lawson,7/23/1995,Aquamarine,85,120,0.659,23537716.82
10,Ryan,Ward,7/23/1990,Indigo,26,75,0.635,17464005.69
11,Jean,Ellis,9/22/1993,Turquoise,36,180,0.723,711160.4
12,Tina,Williams,1/26/1983,Khaki,38,30,0.315,30378571.47
13,Helen,Carter,10/1/1988,Fuscia,60,46,0.255,2570658.23
14,Aaron,Stevens,1/25/1997,Aquamarine,1,158,0.315,33614457.2
15,Daniel,Perez,7/29/1994,Green,35,109,0.144,21985600.17
16,Ruth,Day,3/1/1992,Violet,34,46,0.575,15832176.45
17,Katherine,Flores,3/27/1976,Violet,58,61,0.527,41727682.7
18,Jerry,Lopez,4/9/1975,Indigo,12,39,0.462,15847360.9
19,Harold,Marshall,9/4/1997,Red,74,112,0.67,29000932.84
20,Jesse,Cooper,4/13/1983,Yellow,97,39,0.523,4252837.0
21,John,Gomez,6/11/1988,Maroon,80,155,0.484,26203489.44
22,Randy,Peterson,5/28/1980,Orange,14,16,0.141,11827728.1
23,Richard,Chavez,7/1/1992,Mauv,18,238,0.538,43621377.21
24,Carol,Harris,4/2/1991,Fuscia,96,12,0.456,40572253.6
25,Paula,Thompson,10/5/1993,Blue,71,144,0.628,33401042.93
26,Rachel,Bennett,10/6/1976,Indigo,12,169,0.146,19246697.19
27,Johnny,Reid,11/18/1998,Aquamarine,3,52,0.21,39821689.5
28,Carol,Foster,8/9/1990,Fuscia,18,185,0.755,32519738.83
29,Patricia,Schmidt,8/26/1985,Crimson,77,26,0.779,37010758.53
30,Sara,Larson,12/31/1975,Turquoise,96,46,0.429,43424271.46
31,Christopher,Scott,5/29/1996,Maroon,69,220,0.306,20029449.31
32,Rose,Morrison,7/26/1977,Goldenrod,27,153,0.442,14510752.49
33,Joe,Bowman,1/13/1990,Aquamarine,43,235,0.707,23988138.35
34,Ralph,Wood,2/17/1984,Indigo,65,202,0.635,27796337.39
35,Barbara,Perkins,10/10/1983,Teal,68,206,0.756,31302375.03
36,Justin,Wagner,7/10/1977,Puce,39,269,0.597,36199678.82
37,Denise,Gray,8/25/1987,Mauv,72,3,0.626,42572641.81
38,Cheryl,Mills,7/29/1994,Purple,23,53,0.51,27336238.23
39,Rebecca,Gonzales,9/8/1978,Fuscia,73,153,0.573,22177002.22
40,Angela,Jenkins,9/8/1998,Blue,26,6,0.41,39335718.44
41,Jessica,Woods,12/5/1978,Maroon,53,219,0.779,25235901.09
42,Bobby,Fernandez,12/6/1975,Yellow,24,87,0.776,32703890.49
43,Donna,Sanchez,11/21/1997,Aquamarine,70,299,0.636,32192603.5
44,Gregory,Webb,1/18/1983,Goldenrod,10,298,0.274,32438675.8
45,Jennifer,Phillips,11/19/1996,Orange,45,135,0.722,20499183.37
46,Thomas,Harris,8/12/1976,Fuscia,58,219,0.329,17423921.28
47,Diane,Fields,10/21/1987,Purple,78,43,0.587,20378655.02
48,Carlos,Duncan,8/28/1979,Goldenrod,80,275,0.561,36347183.49
49,Teresa,Bennett,4/25/1986,Crimson,41,109,0.701,1068462.87
50,Helen,Medina,12/26/1987,Maroon,12,150,0.54,32169267.91
51,Martin,Smith,3/23/1979,Green,80,204,0.268,11417454.9
52,Sara,West,3/2/1995,Purple,71,13,0.604,37225852.54
53,Judith,Weaver,11/20/1994,Khaki,90,20,0.619,28646087.02
54,Louis,Fowler,3/4/1979,Mauv,45,272,0.617,8457773.0
55,Christina,Ortiz,5/10/1985,Puce,15,279,0.199,10822431.84
56,Jessica,Oliver,3/5/1985,Khaki,78,275,0.786,23215013.3
57,Diane,Cruz,8/26/1994,Maroon,92,204,0.295,31768760.02
58,James,Harper,12/13/1989,Yellow,26,281,0.728,10505551.09
59,Teresa,Peterson,12/9/1992,Puce,19,111,0.087,14134609.82
60,Karen,Moreno,12/7/1990,Puce,94,109,0.616,19037993.21
61,Brian,Hall,4/28/1995,Indigo,78,73,0.767,23574680.96
62,Brandon,King,10/17/1986,Khaki,33,10,0.151,32353316.76
63,Michelle,Martinez,2/19/1977,Goldenrod,36,122,0.648,27856693.93
64,Samuel,Martin,3/15/1993,Fuscia,58,173,0.19,25267834.87
65,Ruby,Porter,10/3/1982,Puce,67,156,0.738,14949892.59
66,Harry,Gardner,12/26/1998,Blue,10,223,0.74,39176938.42
67,Jennifer,Jenkins,2/2/1987,Green,52,114,0.254,9031561.0
68,Clarence,Harper,1/21/1983,Fuscia,97,94,0.407,2056603.0
69,Annie,Edwards,5/8/1976,Violet,58,250,0.117,4242745.0
70,Richard,Gilbert,7/13/1983,Khaki,1,250,0.213,40518422.76
71,Gerald,Hall,9/25/1977,Violet,54,254,0.525,34462298.49
72,Nancy,Hunt,6/13/1988,Green,35,105,0.647,13744045.5
73,Marie,Fields,11/23/1985,Mauv,8888,34,0.283,99999999934147135.84
74,Bonnie,Jones,6/3/1987,Green,1,136,0.124,32189005.3
75,Jeffrey,Ryan,9/22/1980,Fuscia,73,267,0.371,27496390.71
76,Frances,Parker,2/27/1978,Fuscia,54,2,0.756,37244479.01
77,Marie,Chapman,4/14/1998,Khaki,31,276,0.721,26709976.66
78,Thomas,Murphy,11/6/1978,Blue,93,254,0.67,33134201.22
79,Carol,Willis,11/4/1988,Maroon,33,206,0.222,25044572.82
80,Doris,Welch,8/4/1982,Khaki,33,55,0.61,14482792.55
81,Angela,Cole,8/16/1991,Violet,87,136,0.706,42875181.51
82,Elizabeth,Foster,4/30/1994,Indigo,46,163,0.481,33896975.53
83,Steve,Sanders,3/24/1983,Mauv,38,147,0.255,12669934.63
84,Stephen,Morgan,11/19/1989,Purple,54,150,0.498,26896705.01
85,Ronald,Gibson,3/11/1978,Indigo,16,156,0.601,36409929.33
86,Lois,Clark,1/27/1998,Puce,43,121,0.382,21000187.8
87,Jose,Stephens,7/20/1991,Green,80,64253,0.69,16032567.12
88,Lawrence,Watson,7/29/1990,Orange,83,69,0.724,18042919.17
89,Jacqueline,Richards,10/6/1975,Pink,273333,4490260,0.324,444444444448279921.75
90,Beverly,Miller,1/9/1996,Purple,72,1,0.1,27445298.42
91,Susan,Turner,3/21/1989,Pink,44,213,0.739,12605352.13
92,Rachel,Simpson,6/16/1979,Indigo,67,234,0.607,42411283.89
93,Christopher,Cole,7/1/1990,Teal,51,131,0.592,39956540.06
94,Eugene,Webb,6/28/1996,Mauv,63,139,0.777,30665712.34
95,Kimberly,Medina,5/16/1996,Orange,74,154,0.142,23044011.54
96,Ryan,Russell,6/26/1986,Turquoise,36,279,0.73,4522512.1
97,Janice,Mitchell,3/6/1979,Green,79,258,0.784,38671805.36
98,Philip,Gardner,5/6/1992,Puce,39,239,0.697,20967480.67
99,Deborah,Wood,2/20/1984,Fuscia,43,156,0.312,40528142.71
100,Keith,Frazier,6/12/1991,Goldenrod,24,88,0.179,8843919.0
101,Christina,Gilbert,1/2/1975,Pink,72,149,0.342,31947111.32
102,Ernest,Freeman,10/5/1983,Turquoise,46,77,0.564,21444463.92
103,Christine,West,1/24/1998,Red,36,42,0.1,29007760.08
104,Joyce,Bennett,2/15/1983,Red,92,283,0.738,40488761.56
105,Ernest,Hunt,9/8/1987,Blue,46,24,0.454,32644619.17
106,Judy,Ellis,9/12/1978,Yellow,6,282,0.518,15381911.06
107,Julia,Andrews,6/28/1987,Crimson,59,174,0.646,12978578.6
108,Marie,Daniels,6/22/1982,Orange,33,227,0.536,9949703.0
109,Steven,Cruz,11/15/1975,Violet,81,200,0.745,32480680.04
110,Arthur,Crawford,9/20/1984,Teal,9,53,0.592,29137692.94
111,Scott,Price,10/6/1985,Aquamarine,72,136,0.139,44539711.37
112,George,Shaw,1/8/1984,Red,100,65,0.578,23932126.17
113,Katherine,Fisher,12/22/1977,Orange,48,11,0.409,39508885.29
114,Harold,Howell,9/12/1996,Puce,94,175,0.712,17057956.56
115,Carolyn,Brown,8/31/1981,Indigo,9,75,0.717,30865798.96
116,Gregory,Ruiz,9/7/1978,Crimson,85,88,0.802,11731839.12
117,Diana,Robinson,4/10/1990,Red,24,26,0.164,21324261.88
118,Anna,Gutierrez,5/31/1982,Fuscia,73,298,0.344,16759449.58
119,Raymond,Welch,5/30/1983,Blue,97,214,0.215,43140974.57
120,Rebecca,Lopez,7/28/1981,Indigo,80,89,0.674,20793596.61
121,Jane,Mitchell,3/5/1978,Green,11,240,0.347,12580772.16
122,Michael,Reid,4/22/1984,Mauv,84,289,0.455,13828411.13
123,Charles,Dunn,12/26/1981,Purple,46,165,0.253,8108356.39
124,Bruce,Sims,5/5/1977,Green,19,12,0.412,5515134.39
125,Lisa,Richards,9/21/1991,Goldenrod,65,46,0.51,31329216.37
126,Phillip,Wilson,7/18/1996,Goldenrod,99,175,0.676,7403815.14
127,Steven,Carroll,6/26/1992,Blue,95,192,0.335,23598224.48
128,Steve,Pierce,10/12/1984,Violet,57,247,0.413,6410995.0
129,Gregory,Cole,12/8/1994,Red,86,10,0.577,10446838.73
130,Lawrence,Martinez,5/28/1996,Teal,86,142,0.571,7409277.55
131,Christina,Hayes,12/24/1977,Crimson,91,103,0.573,15854272.85
132,Joan,Watkins,2/22/1993,Indigo,69,248,0.33,10970077.45
133,Denise,Wright,8/23/1987,Violet,62,156,0.119,26658259.62
134,Catherine,Ruiz,3/26/1989,Fuscia,37,39,0.209,15523438.93
135,Martin,Weaver,12/26/1985,Blue,27,112,0.085,20684970.87
136,Julie,Green,8/20/1985,Aquamarine,46,258,0.379,20640307.05
137,Emily,Hill,2/12/1997,Teal,54,17,0.63,6350042.22
138,Gary,Rodriguez,6/27/1990,Pink,6,18,0.791,21763807.17
139,Randy,Lee,7/11/1976,Red,53,149,0.193,18508215.88
140,Anthony,Stanley,12/16/1995,Pink,76,79,0.535,6744499.0
141,Joan,Nguyen,4/18/1983,Purple,43,32,0.266,3216032.67
142,Craig,Harvey,8/23/1977,Mauv,75,34,0.426,38805857.83
143,Johnny,Sullivan,5/24/1984,Indigo,73,160,0.338,28010217.26
144,Howard,Gutierrez,11/4/1987,Puce,46,231,0.146,28510073.43
145,Donald,Woods,10/17/1990,Purple,61,283,0.354,33162506.28
146,Rebecca,Foster,3/2/1981,Yellow,6,262,0.398,18396172.94
147,Debra,Hall,12/31/1980,Maroon,1100037,230,0.431,9000101403.0
148,Ashley,Anderson,12/4/1996,Indigo,33,237,0.231,2739636.47
149,Christine,Sanders,5/17/1978,Teal,56,145,0.326,3029850.0
150,Benjamin,Thomas,12/1/1984,Aquamarine,25,226,0.323,22282945.11
151,Jason,Stewart,9/18/1994,Fuscia,35,101,0.713,3105381.36
152,Ralph,Lane,4/15/1976,Khaki,69,236,0.421,14146713.76
153,Craig,Riley,5/12/1991,Fuscia,8,216,0.326,27300842.79
154,Tina,Lynch,6/25/1988,Fuscia,9,131,0.282,20686070.65
155,Carl,Gardner,3/2/1985,Purple,74,209,0.656,16191212.23
156,Brandon,Carr,11/21/1983,Goldenrod,90,103,0.686,18144703.64
157,Rachel,Burke,2/1/1984,Maroon,6,285,0.101,2876192.0
158,Stephen,Hill,5/21/1988,Purple,32,172,0.613,42085374.93
159,Adam,Morrison,11/2/1987,Purple,21,229,0.53,20310402.82
160,John,Cunningham,1/16/1979,Mauv,36,72,0.653,30784021.95
161,Peter,Matthews,10/5/1989,Puce,20,215,0.447,31313485.93
162,Richard,Myers,3/9/1981,Teal,74,191,0.708,22788231.74
163,Joshua,Fowler,12/21/1988,Violet,79,59,0.728,26624270.33
164,Harold,Cole,10/20/1989,Indigo,34,292,0.759,29818287.78
165,Rose,Jackson,11/29/1996,Teal,1,25,0.808,30548241.62
166,Marilyn,Mccoy,9/4/1985,Pink,45,90,0.352,30297699.72
167,Laura,Weaver,11/6/1988,Aquamarine,85,296,0.374,26166146.7
168,Carl,Harrison,3/17/1978,Teal,29,248,0.782,38690958.51
169,Peter,Collins,3/4/1994,Violet,14,16,0.387,37856547.95
170,Henry,Hernandez,8/31/1995,Goldenrod,8,21,0.254,5752508.57
171,John,Gibson,6/3/1981,Violet,91,238,0.729,34708267.16
172,Rebecca,Lynch,6/4/1989,Turquoise,4,180,0.419,43560087.84
173,Brenda,Sims,1/17/1981,Pink,11,127,0.628,15134410.58
174,Daniel,Gray,8/30/1986,Yellow,90,19,0.655,41477564.91
175,Sandra,Powell,10/19/1976,Red,77,83,0.149,39204363.24
176,Julia,Parker,6/24/1977,Blue,18,296,0.341,36602203.16
177,Amanda,Woods,5/25/1985,Green,33,96,0.078,6975776.0
178,Mark,Medina,11/13/1982,Teal,23,9,0.204,31378651.72
179,Chris,Chavez,3/18/1996,Maroon,47,269,0.757,24290782.48
180,Robin,Wagner,12/18/1979,Red,9,136,0.803,41614252.59
181,Russell,Martinez,10/19/1993,Puce,71,181,0.756,19044121.75
182,Christine,Fox,10/8/1977,Goldenrod,96,110,0.752,31901900.2
183,Timothy,Hicks,12/19/1979,Green,100,2,0.463,36525011.67
184,Charles,Mendoza,11/4/1990,Crimson,55,150,0.768,23254514.46
185,James,Perez,1/20/1980,Goldenrod,75,27,0.221,13098260.66
186,Heather,Rivera,10/14/1992,Blue,24,98,0.371,15673704.75
187,Dorothy,Myers,11/2/1988,Purple,64,270,0.706,39279592.4
188,Ronald,Rice,3/24/1993,Crimson,81,104,0.745,30066092.96
189,Sandra,Castillo,4/6/1991,Blue,9,112,0.792,7170453.96
190,David,Daniels,5/27/1984,Teal,23,134,0.204,17945772.88
191,Linda,Richards,2/16/1989,Blue,83,217,0.18,32439946.23
192,Billy,Morris,4/9/1993,Puce,3,243,0.57,44270946.92
193,Fred,Gonzalez,11/2/1992,Maroon,96,161,0.127,2940546.6
194,Jane,Burns,5/17/1998,Mauv,92,216,0.187,3581423.26
195,Irene,King,11/5/1991,Mauv,90,200,0.225,3019453.02
196,Barbara,Phillips,4/1/1975,Turquoise,15,211,0.437,36970450.23
197,Dorothy,Wallace,4/13/1991,Red,94,207,0.14,41972438.91
198,Roy,Webb,10/9/1986,Puce,50,83,0.119,20730715.87
199,Daniel,Elliott,5/9/1997,Puce,82,85,0.439,33404172.28
200,Harry,Collins,8/14/1994,Puce,42,214,0.665,11309398.54
201,Jason,Johnson,8/6/1986,Indigo,30,22,0.676,31559621.3
202,Douglas,Mitchell,5/5/1983,Puce,35,81,0.175,33717774.86
203,Arthur,Frazier,7/10/1998,Green,42,107,0.176,7034653.0
204,Pamela,Wagner,5/23/1984,Fuscia,6,248,0.176,27222191.3
205,Diane,Woods,12/21/1991,Khaki,69,113,0.205,37345484.59
206,Jimmy,Walker,10/15/1990,Mauv,73,172,0.178,25088314.36
207,Nicole,Olson,7/18/1978,Yellow,69,203,0.112,26910322.47
208,Johnny,Kennedy,8/9/1991,Turquoise,69,51,0.725,1401358.75
209,Andrew,Rogers,6/9/1976,Turquoise,19,194,0.161,20978674.22
210,Joshua,Young,7/7/1995,Blue,48,282,0.19,24790598.14
211,Frances,Arnold,4/1/1988,Purple,12,27,0.21,21358303.7
212,Jean,Cunningham,9/15/1991,Green,85,281,0.314,24900210.74
213,Andrew,Cruz,5/28/1983,Indigo,2,257,0.286,11647094.36
214,Albert,Oliver,10/2/1979,Khaki,90,179,0.114,22865170.59
215,Alice,Hansen,11/30/1982,Maroon,25,118,0.275,39146343.72
216,Steve,Martinez,3/22/1994,Orange,2,29,0.617,5482716.44
217,Matthew,Fuller,8/29/1988,Orange,47,230,0.136,8450349.0
218,John,Butler,2/25/1976,Aquamarine,50,218,0.613,26792365.51
219,John,Vasquez,1/17/1988,Green,22,81,0.136,35719226.81
220,Eugene,Romero,3/13/1976,Khaki,21,186,0.517,8817050.0
221,Laura,Reyes,1/9/1997,Violet,56,205,0.355,1032877.43
222,Gerald,Fuller,2/13/1991,Goldenrod,3200000,216,0.299,37008899.76
223,Judy,Parker,10/30/1986,Orange,88,45,0.689,16589004.58
224,Justin,Pierce,4/23/1984,Violet,88,252,0.761,17216009.27
225,Chris,Taylor,3/16/1980,Purple,51,188,0.326,7060667.19
226,Jesse,Fox,11/30/1989,Blue,58,36,0.692,35651526.6
227,Carl,Sims,9/22/1985,Blue,85,127,0.638,12981282.43
228,Mark,Walker,5/1/1984,Violet,67,24,0.707,24382678.54
229,Chris,Nguyen,3/10/1995,Puce,99,156,0.193,31943798.2
230,Kathy,Hayes,5/16/1992,Yellow,74,291,0.454,8920198.0
231,Christina,Long,8/17/1988,Pink,80,122,0.777,32838686.82
232,Christina,Morales,10/7/1986,Orange,98,113,0.547,43103813.51
233,Eugene,Spencer,3/11/1994,Yellow,26,254,0.727,29194049.74
234,Christina,Parker,8/26/1977,Green,17,192,0.714,18406953.34
235,Juan,Lawson,8/20/1997,Fuscia,23,298,0.799,31721685.16
236,Stephanie,White,11/25/1990,Teal,35,235,0.181,34375579.14
237,Nancy,Weaver,12/17/1994,Turquoise,39,293,0.562,38292965.8
238,Gary,Meyer,3/26/1977,Fuscia,87,297,0.266,43311194.01
239,Ronald,King,7/26/1998,Blue,68,296,0.233,35973113.71
240,Kelly,Burton,4/16/1977,Mauv,54,2,0.285,3103379.92
241,Jason,Griffin,9/17/1982,Yellow,68,104,0.524,30935078.99
242,Irene,Phillips,3/14/1985,Violet,26,83,0.332,7887533.27
243,Denise,Cook,1/20/1993,Red,24,271,0.696,1140331.29
244,Kathleen,Cooper,8/26/1984,Fuscia,26,133,0.593,29399509.77
245,Barbara,Hernandez,7/30/1995,Puce,80,188,0.462,6860243.0
246,Joe,Chapman,1/21/1980,Aquamarine,50,145,0.626,39136327.34
247,Benjamin,Sims,3/10/1979,Goldenrod,66,3,0.598,19352454.68
248,Sara,Spencer,9/25/1991,Yellow,19,89,0.339,16125736.76
249,Marie,Lee,11/29/1979,Maroon,62,188,0.355,11086847.58
250,Janet,Stewart,10/22/1977,Turquoise,14,204,0.674,18281782.21
251,Mildred,Wagner,8/17/1981,Orange,1,163,0.257,43568794.35
252,Frank,Harvey,5/15/1988,Indigo,53,97,0.439,44596994.12
253,Theresa,Anderson,4/27/1986,Aquamarine,42,161,0.397,3453348.85
254,Jonathan,Anderson,11/16/1980,Khaki,2,49,0.674,22928185.9
255,Lori,Ryan,8/26/1977,Maroon,91,20,0.758,18198310.98
256,Carl,Boyd,8/28/1998,Red,27,71,0.35,19259634.0
257,Sara,Knight,6/12/1987,Indigo,49,229,0.741,5061494.0
258,Russell,Williamson,10/7/1983,Red,96,49,0.284,10187595.27
259,Lois,Johnston,4/22/1984,Turquoise,17,32,0.15,23073191.68
260,Teresa,Boyd,12/19/1995,Crimson,49,94,0.378,18543077.25
261,Michelle,Sanchez,5/30/1986,Yellow,32,169,0.231,12892166.66
262,Bonnie,Nguyen,8/31/1991,Maroon,11,57,0.771,40584910.25
263,Jack,Hunter,9/5/1994,Crimson,43,222,0.795,13641752.83
264,Ruth,Ray,12/17/1991,Turquoise,35,283,0.233,41340317.85
265,Janice,Sims,12/29/1977,Orange,26,294,0.316,25711690.8
266,Theresa,Ramirez,10/6/1988,Crimson,64,187,0.475,37847745.4
267,Cynthia,Cunningham,11/16/1983,Purple,23,119,0.225,12706936.83
268,Jonathan,Perkins,10/15/1978,Goldenrod,93,7,0.348,15181026.44
269,Teresa,Robinson,1/17/1995,Violet,60,214,0.377,34511274.03
270,Scott,White,9/11/1992,Aquamarine,56,297,0.791,38715184.1
271,Diana,Cole,4/11/1988,Goldenrod,93,60,0.424,6522346.0
272,Sara,Greene,11/1/1984,Teal,2,163,0.106,8805045.0
273,Alice,Anderson,9/27/1992,Puce,35,234,0.528,29166978.36
274,Patrick,Nelson,11/22/1991,Yellow,77,297,0.328,10222920.98
275,Cheryl,Bishop,8/9/1992,Red,70,267,0.76,1984323.83
276,Clarence,Knight,9/27/1989,Khaki,50,40,0.173,15167117.49
277,Ruth,Arnold,10/16/1988,Yellow,25,131,0.307,10009227.93
278,Brandon,Medina,12/12/1976,Orange,73,160,0.31,1276470.78
279,Sarah,Anderson,1/14/1976,Khaki,31,270,0.293,10709685.26
280,Elizabeth,Stewart,7/23/1997,Teal,55,53,0.607,12122207.73
281,Carlos,Sims,7/29/1975,Maroon,42,129,0.758,34432804.49
282,Christina,Jacobs,12/12/1982,Purple,43,106,0.17,419287.99
283,Marie,Patterson,2/23/1978,Teal,81,142,0.572,13065286.37
284,Patrick,Morris,5/13/1998,Green,64,159,0.54,12256851.92
285,Sandra,Cooper,4/4/1986,Pink,7,133,0.73,982671.02
286,Steve,Jenkins,8/26/1993,Teal,95,184,0.519,40124969.78
287,Ruby,Holmes,11/4/1989,Aquamarine,87,122,0.128,7853673.69
288,Diane,Richards,11/24/1992,Puce,97,57,0.295,10515393.88
289,Theresa,Edwards,3/1/1998,Teal,16,76,0.565,30690886.49
290,Nicole,Reed,2/15/1983,Turquoise,73,229,0.581,19155238.29
291,Mary,Evans,12/11/1992,Violet,17,81,0.261,27876582.07
292,Willie,Powell,7/13/1978,Puce,2,85,0.707,43030529.02
293,Willie,Kelly,4/3/1995,Mauv,66,178,0.618,36800822.66
294,Timothy,Foster,8/2/1993,Khaki,1,161,0.191,19412063.35
295,Andrew,Gutierrez,9/15/1997,Red,32,107,0.628,43156395.01
296,Robin,Carroll,7/10/1980,Red,91,281,0.304,13479493.77
297,Joseph,Gonzales,8/7/1987,Maroon,7,171,0.656,31791574.27
298,Alice,Spencer,11/20/1981,Pink,34,89,0.124,42899358.23
299,Amanda,Robertson,1/18/1993,Mauv,81,267,0.394,42823253.92
300,Carlos,Gilbert,3/21/1982,Pink,62,191,0.172,29868922.06
301,George,Campbell,12/25/1987,Pink,89,193,0.362,1980974.02
302,Eugene,Mccoy,5/11/1992,Puce,16,21,0.321,25065717.28
303,Helen,Elliott,10/29/1987,Teal,53,211,0.078,28947173.87
304,Shirley,Perkins,10/20/1980,Purple,18,45,0.177,17674451.38
305,Richard,Bennett,9/14/1990,Red,46,13,0.701,3134648.45
306,Philip,Gonzalez,4/15/1992,Khaki,7,281,0.789,23349231.97
307,Mildred,Harper,6/24/1981,Blue,18,20,0.359,38235451.58
308,Wayne,Hayes,12/4/1978,Orange,37,109,0.475,30699122.24
309,Phyllis,Wilson,11/14/1981,Goldenrod,8,294,0.326,10080159.74
310,Antonio,Willis,4/30/1993,Khaki,24,215,0.215,4162581.0
311,Matthew,Lewis,1/1/1979,Red,4,275,0.459,20221671.58
312,Eric,Ford,3/23/1978,Crimson,4,8,0.679,32482282.28
313,Billy,Burton,10/3/1995,Pink,72,79,0.593,35986117.34
314,Carl,Diaz,9/27/1981,Maroon,26,296,0.384,28405714.63
315,Amy,Romero,12/8/1979,Turquoise,19,159,0.557,26929877.51
316,Sandra,Elliott,5/11/1994,Yellow,98,7,0.789,24321806.91
317,Helen,Ray,11/12/1991,Purple,54,202,0.708,28937205.54
318,Gerald,Kelley,12/11/1985,Red,40,195,0.752,31491608.02
319,Harry,Ramos,2/21/1981,Fuscia,72,150,0.507,7420671.32
320,Catherine,Gomez,6/2/1979,Yellow,66,215,0.372,41078546.12
321,Donna,Murray,5/11/1985,Teal,37,192,0.398,27495746.82
322,Louis,Armstrong,5/18/1989,Indigo,33,249,0.567,16489484.84
323,Susan,Jones,1/26/1986,Green,24,223,0.531,10057045.51
324,Shirley,Gonzalez,1/4/1987,Mauv,1,11,0.086,38622124.72
325,Billy,Banks,6/30/1994,Indigo,27,23,0.456,18771557.71
326,Carlos,Olson,5/22/1975,Puce,51,246,0.787,32102299.84
327,Kevin,Gonzales,1/16/1976,Goldenrod,48,106,0.389,13596926.84
328,Philip,Snyder,12/26/1980,Orange,80,97,0.123,26300389.33
329,Lawrence,Oliver,8/15/1989,Aquamarine,64,141,0.565,41444006.29
330,Matthew,Carter,11/6/1986,Mauv,8,55,0.719,13286582.76
331,Tammy,Fields,6/15/1981,Crimson,38,262,0.132,1802451.72
332,Theresa,Dunn,2/25/1982,Indigo,100,280,0.171,32589988.8
333,Irene,Perkins,9/8/1982,Indigo,40,246,0.611,42328611.37
334,Arthur,Robertson,11/2/1988,Fuscia,51,189,0.585,25665527.0
335,Jessica,Hicks,1/21/1978,Crimson,44,52,0.13,11742943.72
336,Jonathan,Bradley,3/9/1994,Goldenrod,4,163,0.485,32032529.64
337,Cheryl,Burton,7/25/1991,Yellow,96,206,0.236,37453033.82
338,Shawn,Bennett,2/8/1981,Aquamarine,85,277,0.65,41745363.09
339,Johnny,Johnston,11/29/1978,Puce,15,237,0.782,34020605.55
340,Annie,Brooks,5/28/1988,Blue,41,179,0.674,30413180.49
341,Raymond,Andrews,12/20/1983,Puce,28,262,0.373,5955142.0
342,Lisa,Williamson,1/3/1994,Maroon,86,164,0.155,42021667.28
343,Marilyn,Bishop,5/17/1986,Mauv,16,247,0.638,26188354.67
344,Larry,Grant,2/9/1987,Yellow,16,201,0.309,5310485.0
345,Robin,Parker,5/26/1991,Teal,83,290,0.226,9735918.0
346,Betty,Webb,10/23/1980,Yellow,18,201,0.223,580916.0
347,Paul,Barnes,7/16/1976,Khaki,69,156,0.702,35352238.65
348,Donald,Robertson,4/10/1981,Crimson,94,137,0.33,34375557.12
349,Johnny,Holmes,7/25/1986,Yellow,84,67,0.599,13320454.52
350,Michael,Hicks,1/22/1979,Green,83,241,0.729,39711602.5
351,Teresa,Phillips,1/6/1980,Purple,26,274,0.293,25924888.68
352,Elizabeth,Kelly,8/11/1994,Mauv,67,67,0.801,14588145.74
353,Lisa,Young,8/6/1988,Fuscia,60,175,0.283,13569445.05
354,Douglas,Peters,4/18/1995,Pink,22,288,0.587,18957417.12
355,Scott,Cole,3/2/1992,Khaki,21,60,0.616,13389948.12
356,Jeffrey,Bailey,10/2/1975,Orange,32,123,0.115,41764575.72
357,Johnny,Cox,6/10/1991,Mauv,79,80,0.315,992116.56
358,Mildred,Richardson,1/22/1986,Violet,42,125,0.111,10959060.51
359,Jennifer,Frazier,12/23/1996,Khaki,94,147,0.313,15945828.48
360,Steven,Garrett,4/16/1986,Mauv,80,42,0.708,22282869.29
361,Jean,Kennedy,9/20/1981,Yellow,86,221,0.328,21087717.44
362,Christopher,Fields,5/2/1997,Mauv,52,178,0.417,39084032.64
363,Ashley,Campbell,12/6/1982,Indigo,41,239,0.769,2362232.0
364,Kathy,Porter,11/7/1998,Blue,73,94,0.239,24722524.1
365,Joe,Simmons,7/18/1979,Mauv,1,126,0.37,32707160.79
366,Alice,Parker,11/3/1984,Mauv,76,258,0.708,25421473.15
367,Adam,Black,6/2/1997,Maroon,2,154,0.5,4343180.97
368,Thomas,Lawson,4/18/1980,Maroon,86,253,0.806,27877257.57
369,Mildred,Rice,7/29/1983,Fuscia,92,82,0.388,1842516.68
370,Ann,Sullivan,4/9/1975,Khaki,51,173,0.762,25288854.4
371,Janice,Garcia,8/2/1989,Indigo,56,53,0.351,5789332.0
372,Aaron,Patterson,7/3/1997,Indigo,47,191,0.741,14956343.02
373,Angela,Willis,5/2/1986,Purple,70,46,0.381,35450421.42
374,Margaret,Lee,1/16/1995,Green,60,63,0.276,36511870.12
375,Karen,Baker,4/9/1988,Red,34,17,0.165,24813206.02
376,Howard,Ramirez,6/17/1998,Blue,88,15,0.168,43916895.38
377,Kimberly,Simpson,11/9/1993,Aquamarine,66,157,0.649,30906270.48
378,Lisa,Warren,11/17/1993,Puce,63,261,0.729,32456660.13
379,Alice,Bell,11/16/1990,Blue,93,69,0.535,895462.52
380,Betty,Grant,4/21/1998,Violet,72,223,0.265,21800961.68
381,Timothy,Diaz,4/29/1986,Yellow,54,179,0.421,12114155.1
382,Thomas,Weaver,2/14/1987,Indigo,99,229,0.679,15628763.79
383,Jose,Garza,9/23/1997,Purple,53,233,0.4,7830511.2
384,Eric,Chavez,4/4/1977,Blue,30,293,0.248,3050421.0
385,Michelle,Romero,12/24/1990,Pink,87,37,0.432,29300358.6
386,Louise,Bryant,2/19/1984,Green,9,104,0.152,39635496.26
387,Louise,Hudson,2/18/1996,Purple,99,51,0.693,24891299.3
388,Shawn,Morris,9/4/1986,Aquamarine,12,281,0.518,12551823.61
389,Lillian,Reid,12/13/1981,Fuscia,63,147,0.502,11351417.73
390,Susan,Olson,11/8/1984,Pink,80,109,0.505,34151065.23
391,Diana,Vasquez,12/30/1986,Pink,69,88,0.238,4609030.0
392,Lawrence,Kim,6/14/1986,Fuscia,47,259,0.77,15151072.17
393,Lawrence,Carr,11/8/1988,Pink,77,110,0.233,9210320.0
394,Joseph,Gonzales,6/20/1992,Puce,53,259,0.4,41796333.41
395,Sean,Anderson,4/15/1987,Pink,99,154,0.594,33004140.1
396,Kathy,Ellis,7/17/1982,Puce,22,156,0.263,3347173.5
397,Rebecca,James,12/12/1990,Maroon,74,4,0.584,36774095.66
398,Susan,Martin,4/12/1990,Aquamarine,60,113,0.661,43576299.45
399,Sarah,Boyd,4/10/1995,Khaki,33,96,0.52,40063554.28
400,Shawn,Flores,5/18/1982,Yellow,52,149,0.216,15837838.41
401,Gary,Sanders,12/31/1995,Violet,64,147,0.49,37838111.27
402,Albert,Murray,1/16/1978,Mauv,16,36,0.78,11619179.49
403,Mark,Bell,1/13/1987,Green,23,199,0.617,1849445.19
404,George,Howell,2/19/1983,Violet,46,61,0.521,23208230.2
405,Angela,Welch,9/10/1991,Crimson,35,205,0.665,36983079.62
406,Clarence,Nelson,3/17/1989,Aquamarine,70,121,0.711,39096018.72
407,Janice,Dean,12/10/1993,Purple,99,260,0.757,31165411.41
408,Henry,Richards,8/28/1998,Teal,25,237,0.268,3495940.75
409,Jesse,Hudson,1/6/1998,Red,73,55,0.327,15392458.93
410,Scott,Castillo,8/29/1978,Mauv,19,9,0.363,36829802.61
411,Karen,Fisher,6/6/1980,Fuscia,68,208,0.115,136408.09
412,Albert,Perry,8/7/1977,Green,97,52,0.181,786295.1
413,Julia,Perry,2/25/1984,Goldenrod,75,68,0.115,2514142.99
414,Katherine,Owens,1/8/1979,Teal,92,104,0.268,22744954.59
415,Christina,Murphy,3/7/1975,Goldenrod,34,75,0.318,37882393.8
416,Janet,Moreno,7/24/1977,Orange,97,32,0.395,40706590.76
417,Margaret,Hansen,6/6/1982,Yellow,93,154,0.534,39038566.69
418,George,Dixon,9/3/1986,Fuscia,17,49,0.335,37523660.17
419,Albert,Watson,3/13/1978,Crimson,79,41,0.638,33152345.83
420,Sarah,George,12/17/1994,Goldenrod,30,123,0.094,35259876.27
421,Anthony,Montgomery,11/19/1985,Red,17,32,0.17,4386536.06
422,Judy,Duncan,10/1/1984,Green,74,80,0.208,26940207.09
423,Samuel,Simpson,9/26/1975,Violet,22,297,0.695,5698279.92
424,Chris,Moore,5/11/1981,Green,2,177,0.649,15933965.6
425,Norma,Morrison,1/7/1982,Blue,64,101,0.223,11634428.66
426,Deborah,Webb,2/6/1980,Khaki,61,188,0.581,40621859.87
427,Kathy,Romero,11/26/1991,Green,46,293,0.198,11949923.5
428,Christopher,Cox,10/1/1983,Khaki,5,11,0.512,13189285.83
429,Elizabeth,Lawson,4/6/1980,Aquamarine,58,173,0.748,23442903.55
430,Elizabeth,Morrison,9/17/1975,Crimson,41,101,0.347,10955472.14
431,Shawn,Grant,7/15/1984,Yellow,96,31,0.373,39133125.87
432,Kimberly,Bishop,2/25/1983,Mauv,66,6,0.7,21079584.33
433,Stephen,Mcdonald,3/27/1988,Maroon,60,158,0.122,6593441.73
434,Philip,Nichols,11/1/1985,Green,97,121,0.515,21300232.85
435,Linda,Berry,9/8/1985,Crimson,9,117,0.804,12718889.63
436,Jonathan,Hunter,11/25/1993,Teal,77,156,0.361,10300990.62
437,Jacqueline,Johnson,6/27/1995,Turquoise,33,230,0.524,31858353.4
438,Daniel,Fields,5/22/1976,Green,95,11,0.55,20604548.5
439,Jessica,Ryan,4/20/1997,Khaki,76,56,0.76,16983753.36
440,Jessica,Adams,10/13/1988,Green,61,131,0.808,8585371.0
441,Amy,Harrison,8/28/1983,Turquoise,54,170,0.46,18156069.68
442,Maria,Carter,5/13/1983,Fuscia,80,125,0.277,18005285.74
443,Fred,Oliver,10/11/1993,Puce,39,249,0.526,11957691.06
444,Shawn,Griffin,10/28/1996,Khaki,47,179,0.094,3312346.78
445,Katherine,Turner,12/10/1992,Indigo,59,254,0.34,5782450.0
446,Betty,Henderson,11/17/1979,Goldenrod,32,10,0.235,2568993.92
447,Andrew,Miller,10/14/1996,Fuscia,68,249,0.737,21547678.64
448,Susan,Hunt,5/25/1975,Puce,38,141,0.648,37051231.64
449,Andrew,Austin,6/8/1990,Pink,6,215,0.633,8890286.0
450,Donna,Miller,5/24/1976,Maroon,44,21,0.399,16574402.17
451,Irene,Hughes,5/14/1992,Crimson,67,286,0.447,24542045.19
452,Nicholas,Carpenter,5/14/1988,Crimson,50,29,0.077,40052598.59
453,Jonathan,Perez,12/5/1982,Orange,76,246,0.495,33016849.71
454,Doris,Freeman,8/28/1975,Puce,96,285,0.804,39752639.67
455,Amy,Wagner,8/7/1975,Red,51,144,0.802,11571285.26
456,Phillip,Wilson,4/17/1997,Blue,53,96,0.135,23983038.75
457,Cynthia,Elliott,10/17/1991,Goldenrod,67,101,0.771,797250.69
458,Marilyn,Turner,8/5/1979,Teal,7,186,0.667,29446142.08
459,Heather,Jacobs,7/13/1989,Pink,41,3,0.534,5397226.0
460,Sean,Richards,4/17/1996,Crimson,84,241,0.575,14103464.78
461,Jeremy,Torres,5/24/1987,Teal,93,124,0.593,35389126.76
462,Janice,Ferguson,4/4/1976,Pink,94,190,0.157,33293642.05
463,Keith,Kim,9/30/1998,Orange,61,71,0.147,34006315.28
464,Paula,Chapman,9/11/1991,Pink,75,23,0.289,39394156.28
465,Victor,Bennett,12/17/1977,Fuscia,78,55,0.525,22174222.78
466,Todd,Dixon,1/27/1995,Aquamarine,22,84,0.17,24403835.61
467,Jeremy,Perkins,9/17/1985,Goldenrod,61,75,0.183,28156936.25
468,Jose,Powell,2/26/1988,Yellow,39,155,0.347,8640544.0
469,Juan,Rice,1/6/1990,Crimson,89,181,0.131,39285765.37
470,Susan,Hall,11/4/1998,Puce,70,174,0.518,43037699.31
471,Eric,Wright,10/30/1975,Crimson,33,7,0.37,23930568.46
472,Ralph,Carroll,9/23/1998,Yellow,34,174,0.389,17723681.08
473,Lois,Howell,5/3/1981,Teal,49,187,0.272,1573167.27
474,Matthew,Ross,3/21/1986,Maroon,38,144,0.18,36514216.05
475,Kathryn,Nichols,4/1/1978,Indigo,95,51,0.126,22599632.09
476,Dorothy,Burton,12/11/1988,Turquoise,76,234,0.274,7066021.0
477,Joan,Schmidt,5/19/1998,Green,64,192,0.674,16897607.03
478,Timothy,Shaw,2/2/1984,Pink,67,120,0.457,8950613.0
479,Phyllis,Dean,5/12/1976,Khaki,1,81,0.475,6458585.0
480,Shirley,Meyer,9/17/1998,Aquamarine,16,11,0.11,28009835.56
481,Johnny,Diaz,12/17/1990,Pink,85,234,0.257,12303652.1
482,Kathy,Andrews,3/19/1985,Orange,96,113,0.75,31658876.14
483,Douglas,Evans,10/23/1990,Goldenrod,61,204,0.788,38757634.17
484,Amy,Williams,10/31/1983,Orange,74,140,0.678,17027982.24
485,Cheryl,Fowler,9/27/1981,Puce,15,217,0.454,19626723.56
486,Billy,Chavez,4/12/1993,Turquoise,84,222,0.117,7336290.22
487,Deborah,Myers,6/4/1979,Violet,67,218,0.758,1132175.4
488,Chris,Henry,8/25/1985,Orange,16,156,0.393,34640949.56
489,Wayne,Cruz,3/10/1986,Goldenrod,14,290,0.266,9237669.0
490,Carol,Brown,4/1/1998,Aquamarine,18,82,0.316,44466965.85
491,Steven,Welch,6/27/1977,Yellow,84,223,0.51,24168004.99
492,Susan,Perkins,10/18/1977,Blue,56,112,0.8,22860156.27
493,Donald,Burton,12/28/1990,Khaki,8,22,0.654,6056870.19
494,Philip,Mendoza,7/23/1980,Indigo,83,137,0.571,37634090.14
495,Doris,Gutierrez,2/12/1976,Mauv,43,126,0.177,20837677.5
496,Raymond,Wallace,1/7/1996,Khaki,90,151,0.597,44639055.82
497,Robin,Montgomery,11/26/1976,Khaki,18,259,0.667,12537601.03
498,Kevin,Lawrence,4/19/1982,Crimson,58,4,0.326,20933279.28
499,Patricia,Bishop,2/28/1988,Fuscia,72,186,0.492,33843094.95
500,Gary,Fuller,3/5/1998,Aquamarine,22,224,0.419,22164688.78
501,Craig,Lynch,1/27/1982,Violet,13,68,0.774,39346213.73
502,Ronald,Johnston,10/30/1979,Violet,55,219,0.301,1560621.5
503,Annie,Welch,9/13/1977,Blue,38,81,0.211,2082978.14
504,Roy,Dean,9/10/1983,Turquoise,92,106,0.378,35777243.43
505,Jacqueline,Baker,3/12/1991,Purple,78,139,0.724,17260334.11
506,Christina,Medina,1/31/1991,Goldenrod,83,253,0.159,20966725.66
507,Donna,Boyd,12/7/1998,Pink,28,194,0.147,32318254.63
508,Jason,Patterson,1/5/1979,Aquamarine,24,89,0.286,19808269.7
509,Marilyn,Reed,11/17/1984,Violet,8,123,0.351,6562098.53
510,Rachel,Hudson,4/13/1993,Goldenrod,26,92,0.699,19040851.06
511,Patricia,Edwards,6/6/1983,Red,98,170,0.537,2129615.5
512,Mark,Allen,3/1/1979,Blue,59,3,0.3,13143966.27
513,Theresa,Marshall,1/22/1975,Blue,81,152,0.168,34197868.33
514,Nicholas,Barnes,9/22/1990,Maroon,89,53,0.363,9504872.0
515,William,Coleman,10/12/1987,Violet,22,228,0.476,30366843.5
516,Patrick,Mills,10/30/1981,Fuscia,18,9,0.292,29395267.25
517,James,Mendoza,11/12/1978,Aquamarine,32,90,0.366,35486056.79
518,Donald,Johnson,8/31/1998,Indigo,6,199,0.128,23396927.15
519,Wanda,Sanders,9/26/1982,Mauv,53,138,0.71,42320714.86
520,David,Howell,7/11/1998,Aquamarine,90,183,0.565,3628922.0
521,Joshua,Sims,3/12/1982,Yellow,52,44,0.332,1733335.3
522,Nicholas,Stewart,8/19/1981,Goldenrod,58,2,0.276,11514822.73
523,Peter,Ross,5/22/1998,Aquamarine,11,84,0.474,35251393.71
524,Lisa,Bailey,3/2/1988,Fuscia,79,174,0.673,217370.37
525,Nicholas,Moreno,3/30/1988,Mauv,16,16,0.231,28305039.18
526,David,Jordan,9/11/1978,Blue,83,124,0.233,10017019.22
527,Earl,Lopez,8/5/1986,Yellow,79,144,0.356,17770941.49
528,Diane,Hunt,1/21/1993,Mauv,25,176,0.346,28039701.15
529,David,Burns,8/23/1996,Maroon,31,282,0.163,18128568.26
530,Diana,Henderson,9/5/1988,Yellow,53,229,0.209,12738063.63
531,Christine,Chapman,11/22/1984,Blue,95,284,0.377,33260324.76
532,Ralph,Ramirez,12/20/1981,Puce,38,216,0.706,35448023.44
533,Janice,Hernandez,7/19/1991,Mauv,90,286,0.169,28585487.1
534,Andrew,Bradley,6/30/1986,Pink,20,272,0.739,32881199.24
535,Tina,Turner,12/31/1990,Turquoise,31,227,0.614,16780142.74
536,Peter,Thompson,8/10/1988,Goldenrod,96,264,0.695,4383403.31
537,Paul,Carroll,4/11/1979,Goldenrod,3,164,0.557,19054502.42
538,Sara,Cole,6/30/1998,Teal,54,160,0.082,5497700.0
539,Karen,Campbell,6/1/1990,Pink,2,60,0.166,34764583.32
540,Steven,Perkins,2/4/1985,Blue,73,53,0.476,24911692.48
541,Catherine,Webb,10/3/1997,Puce,71,99,0.499,44694561.82
542,Roger,Chapman,10/2/1977,Fuscia,32,275,0.389,43508765.54
543,Mark,Ray,4/19/1985,Fuscia,20,136,0.529,1431425.33
544,Nicole,Morris,8/25/1996,Indigo,7,156,0.204,32862606.36
545,Howard,Riley,4/2/1987,Crimson,85,88,0.733,24093628.95
546,Victor,Harris,11/29/1998,Goldenrod,68,175,0.788,17883322.28
547,Doris,Wells,12/9/1977,Aquamarine,88,113,0.393,14367544.81
548,Cheryl,Hansen,8/1/1975,Mauv,51,196,0.776,23478772.4
549,Jeffrey,Morrison,11/8/1991,Violet,65,292,0.744,8267309.0
550,Doris,Martin,12/15/1981,Violet,46,172,0.374,2427609.4
551,Sarah,Simpson,7/29/1980,Fuscia,13,139,0.347,22001866.07
552,Karen,Wright,6/27/1991,Blue,60,42,0.146,14938215.12
553,Mildred,Ward,3/24/1995,Goldenrod,66,112,0.693,31364482.6
554,Tammy,Knight,1/13/1998,Violet,9,79,0.312,30446839.34
555,Louis,Burns,1/5/1979,Aquamarine,50,221,0.399,30516841.41
556,Carol,Warren,3/7/1978,Crimson,25,103,0.296,5682831.6
557,Joe,Greene,12/24/1988,Goldenrod,6,127,0.464,44918527.9
558,Debra,Larson,1/5/1976,Violet,4,115,0.377,9893451.0
559,Katherine,Hill,12/12/1979,Fuscia,82,119,0.626,38940556.55
560,Louise,Rogers,5/2/1979,Puce,79,291,0.664,4032677.0
561,Diane,Hill,7/28/1996,Aquamarine,43,141,0.542,3886734.0
562,Raymond,Simpson,3/30/1983,Maroon,15,103,0.393,18637803.77
563,Alan,Willis,11/12/1975,Turquoise,54,289,0.358,21323300.37
564,Daniel,Garrett,7/16/1980,Pink,99,71,0.473,38650357.22
565,Scott,Bennett,3/11/1996,Blue,25,203,0.768,25098440.81
566,Martin,Romero,3/23/1985,Yellow,19,262,0.384,33321722.33
567,Lois,Fox,3/29/1975,Crimson,17,186,0.118,7646518.94
568,Deborah,Schmidt,9/1/1988,Yellow,21,191,0.412,39105466.52
569,Peter,Bennett,8/21/1976,Puce,80,190,0.695,30199469.94
570,Jennifer,Thompson,9/2/1984,Crimson,56,207,0.416,10039652.04
571,Irene,James,9/29/1979,Mauv,49,271,0.497,41254679.42
572,Carlos,Reid,6/27/1998,Khaki,66,39,0.705,18352212.23
573,Denise,Ramirez,11/30/1991,Indigo,8,220,0.617,6538029.38
574,Joseph,Hunter,5/3/1976,Purple,64,271,0.668,35044501.94
575,Ralph,Ortiz,10/4/1994,Orange,95,299,0.528,750642.8
576,Patrick,Jackson,10/31/1992,Green,58,164,0.663,31849722.14
577,Robert,Fuller,12/5/1983,Turquoise,48,269,0.244,17939313.09
578,Christine,Shaw,9/2/1993,Khaki,11,134,0.077,26389852.79
579,Johnny,Daniels,11/6/1998,Fuscia,91,60,0.786,24308143.15
580,Sara,Olson,3/4/1976,Maroon,69,34,0.221,27281540.18
581,Martha,Montgomery,11/25/1980,Violet,22,185,0.642,7330121.63
582,Gary,Fields,4/30/1998,Crimson,21,167,0.285,3184519.0
583,Stephen,Harper,5/2/1998,Yellow,27,206,0.329,11496624.77
584,Willie,Weaver,8/7/1994,Yellow,85,76,0.304,37994559.21
585,Debra,Shaw,10/24/1976,Purple,89,179,0.404,33158069.59
586,Sandra,Shaw,9/28/1997,Pink,53,293,0.285,20547069.67
587,Teresa,Shaw,12/10/1995,Puce,55,218,0.535,14176235.23
588,Fred,Wells,9/16/1981,Indigo,80,130,0.402,11249141.53
589,Stephen,Austin,11/25/1981,Purple,85,234,0.724,35714116.5
590,Deborah,Anderson,2/15/1979,Aquamarine,39,10,0.439,7058665.0
591,Richard,Stewart,7/4/1993,Pink,96,249,0.186,40848993.03
592,Tammy,Williams,7/16/1976,Teal,54,274,0.682,32188187.9
593,Karen,Lee,8/20/1979,Red,36,76,0.252,30515050.01
594,Victor,Sims,1/28/1986,Mauv,58,180,0.218,32181329.74
595,Johnny,Kelley,8/3/1992,Maroon,65,260,0.76,3907852.0
596,Patricia,George,9/1/1997,Maroon,78,66,0.247,13421971.56
597,Linda,Walker,5/5/1990,Pink,29,221,0.751,20227569.95
598,Larry,Scott,6/3/1990,Puce,68,67,0.276,18828709.27
599,Julia,George,10/14/1991,Crimson,72,277,0.723,37103869.06
600,Ralph,Jordan,5/11/1996,Blue,10,122,0.542,11554541.33
601,Juan,Roberts,7/31/1987,Crimson,91,283,0.432,21914688.14
602,Peter,Morrison,12/7/1983,Maroon,21,50,0.094,38088368.34
603,Eric,Ferguson,11/15/1976,Blue,65,188,0.38,44992712.55
604,Aaron,Gonzales,1/27/1975,Maroon,77,224,0.59,14717588.27
605,Teresa,Matthews,7/17/1977,Violet,55,36,0.186,10214956.59
606,Juan,Phillips,7/27/1989,Yellow,19,192,0.492,40609495.56
607,Sandra,Tucker,7/22/1997,Goldenrod,84,266,0.763,26511951.75
608,Lori,Porter,9/7/1996,Khaki,84,262,0.807,24961352.93
609,Frances,Woods,8/15/1984,Puce,77,288,0.227,16597309.51
610,Beverly,Thomas,11/17/1977,Puce,40,88,0.681,21818636.52
611,William,Scott,11/4/1990,Goldenrod,53,21,0.268,7043891.0
612,Kenneth,Bishop,8/23/1991,Violet,11,166,0.358,32569037.41
613,Eugene,James,4/12/1987,Green,38,173,0.7,19687094.09
614,Arthur,Burke,3/10/1996,Orange,100,123,0.723,4390116.0
615,Nicholas,Cooper,1/29/1988,Mauv,80,183,0.786,14543374.51
616,Evelyn,Graham,11/8/1981,Violet,84,255,0.536,43990084.4
617,Sara,Morris,6/30/1983,Crimson,39,13,0.154,7728416.0
618,Brian,Brown,2/3/1981,Red,85,216,0.712,12548143.63
619,Jimmy,Carroll,3/9/1998,Goldenrod,34,42,0.386,29671790.81
620,Stephanie,Hamilton,11/5/1992,Puce,77,289,0.167,4884244.8
621,Harold,Lynch,6/27/1991,Blue,71,78,0.351,14188709.87
622,Lori,Medina,3/6/1981,Mauv,24,70,0.523,23209705.61
623,Matthew,Patterson,7/26/1998,Maroon,15,201,0.724,28028075.61
624,Jennifer,Greene,5/6/1998,Maroon,13,71,0.221,25890678.07
625,Joyce,Harrison,1/7/1992,Puce,82,107,0.726,43787758.8
626,Beverly,Austin,6/1/1979,Goldenrod,3,98,0.64,30692485.02
627,Dorothy,Hernandez,8/4/1985,Yellow,33,211,0.39,44891254.11
628,Raymond,White,10/18/1980,Crimson,79,199,0.666,7614705.24
629,Doris,Roberts,11/20/1985,Violet,6,4,0.362,2877058.81
630,Joe,Freeman,10/16/1978,Pink,94,248,0.375,21919912.6
631,Robert,Young,12/22/1996,Goldenrod,61,254,0.455,25270322.99
632,Andrew,Mitchell,8/8/1984,Khaki,12,70,0.591,2383039.66
633,Alan,Banks,5/25/1995,Violet,75,82,0.213,30861723.65
634,Jacqueline,Hernandez,1/30/1985,Indigo,10,81,0.529,27929760.98
635,Gregory,Castillo,7/30/1975,Green,46,190,0.755,13776290.33
636,Juan,Griffin,4/23/1977,Purple,93,55,0.665,7091532.0
637,Richard,Sullivan,6/28/1994,Puce,74,281,0.546,36632368.32
638,Louise,Johnson,2/25/1991,Red,21,39,0.117,29128438.39
639,Anne,Marshall,5/8/1981,Indigo,62,33,0.665,41078690.19
640,Todd,Gonzalez,9/2/1994,Aquamarine,47,242,0.656,9198155.0
641,Patrick,Barnes,9/23/1976,Violet,63,200,0.239,19963223.6
642,Marie,Butler,3/2/1993,Turquoise,95,19,0.675,11081803.16
643,Jonathan,James,1/29/1980,Orange,61,224,0.704,7985048.0
644,Gerald,Green,11/27/1979,Turquoise,58,251,0.206,24304953.16
645,Andrea,Johnston,9/22/1994,Pink,37,274,0.455,3999067.05
646,Rachel,Porter,10/5/1993,Puce,98,158,0.271,10761882.33
647,Bonnie,Cooper,6/13/1985,Fuscia,47,152,0.445,4999901.34
648,Laura,Fuller,11/1/1992,Turquoise,82,97,0.313,17039062.63
649,Johnny,Nguyen,11/8/1976,Fuscia,80,173,0.434,17500918.48
650,Jacqueline,Richards,5/8/1997,Maroon,35,258,0.354,38971694.75
651,Elizabeth,Rose,8/1/1976,Goldenrod,67,130,0.556,19615711.41
652,Angela,Bowman,1/16/1983,Orange,60,260,0.728,33293107.1
653,Jennifer,Stewart,2/24/1996,Turquoise,77,39,0.67,28388608.5
654,Randy,Hicks,10/27/1990,Maroon,68,139,0.598,4546725.0
655,Julie,Perry,6/9/1987,Crimson,84,195,0.604,13243651.57
656,Dorothy,Arnold,8/27/1990,Violet,59,201,0.588,29141249.87
657,Jeffrey,Hawkins,3/24/1989,Orange,74,203,0.269,41203020.16
658,Phyllis,Larson,10/1/1978,Purple,80,77,0.136,20882522.5
659,Laura,Robertson,3/9/1984,Pink,35,291,0.628,1098912.0
660,James,Martinez,11/9/1976,Maroon,99,161,0.772,22682948.85
661,Ashley,Gonzales,4/23/1997,Goldenrod,1,110,0.386,23981821.96
662,Joseph,Hernandez,8/4/1989,Mauv,85,2,0.751,39174005.9
663,Patricia,Morrison,12/1/1991,Pink,89,253,0.173,34533756.85
664,Roy,Wright,8/25/1984,Teal,100,156,0.786,13805083.74
665,Carolyn,Gomez,4/1/1990,Puce,67,27,0.132,37836127.73
666,Tammy,Bailey,8/2/1995,Violet,12,24,0.788,3952166.68
667,Jerry,Roberts,2/20/1984,Maroon,87,78,0.726,4648421.22
668,Donna,Riley,7/1/1979,Fuscia,3,257,0.539,34180428.32
669,Keith,Cunningham,7/25/1975,Red,100,90,0.403,41842037.07
670,Jane,Clark,4/25/1990,Blue,7,13,0.728,43197811.66
671,Judy,Bowman,3/3/1981,Violet,39,262,0.316,16199757.41
672,Justin,Perkins,8/31/1997,Red,94,218,0.237,28132044.33
673,Gloria,Daniels,7/7/1993,Orange,25,57,0.696,23293705.16
674,Adam,Kennedy,6/2/1978,Aquamarine,91,268,0.788,7241154.0
675,Harold,Adams,10/25/1977,Puce,3,115,0.44,25564502.54
676,Brian,Castillo,6/10/1979,Puce,14,84,0.45,12962096.82
677,Pamela,Rodriguez,9/27/1983,Pink,16,276,0.44,7250152.0
678,Louis,Baker,11/11/1977,Fuscia,65,128,0.409,6399185.0
679,Harry,Roberts,9/24/1981,Fuscia,99,53,0.319,21341278.63
680,Jimmy,Franklin,7/28/1984,Indigo,98,39,0.71,37178274.41
681,Jean,Reed,4/23/1989,Yellow,97,154,0.19,29233561.16
682,Douglas,Fernandez,8/9/1995,Aquamarine,58,272,0.62,16995434.31
683,George,Graham,4/18/1977,Khaki,5,17,0.129,31689756.41
684,Teresa,Smith,12/30/1975,Aquamarine,2,197,0.104,25714597.46
685,Richard,Mendoza,6/30/1977,Violet,66,42,0.57,4005021.0
686,Ralph,Pierce,3/8/1997,Blue,52,49,0.483,8229416.0
687,George,Gonzales,12/30/1975,Fuscia,87,70,0.287,14826446.9
688,Julia,Rogers,1/28/1989,Puce,1,259,0.263,5879755.0
689,Gerald,Andrews,3/3/1991,Aquamarine,4,230,0.12,3841326.12
690,Kelly,Clark,1/28/1994,Fuscia,45,178,0.283,25964928.7
691,Bobby,Hanson,10/15/1987,Blue,11,201,0.362,6511579.52
692,Juan,Meyer,6/30/1979,Puce,73,146,0.311,15654750.49
693,Laura,Mills,11/30/1987,Aquamarine,31,77,0.134,35523895.27
694,Laura,Marshall,11/12/1997,Turquoise,11,155,0.616,32507717.29
695,Shawn,Hansen,9/19/1997,Blue,46,220,0.802,44958827.27
696,Diana,Carr,5/23/1986,Teal,78,169,0.09,13453915.4
697,Eugene,Fowler,11/3/1996,Teal,61,251,0.728,1952319.54
698,Andrea,Pierce,4/11/1975,Mauv,67,62,0.752,17078304.67
699,Billy,Greene,10/3/1989,Indigo,53,107,0.607,25502490.91
700,Louise,Carroll,9/25/1983,Violet,43,24,0.158,9235734.0
701,Donna,Matthews,8/1/1987,Purple,92,197,0.325,25505533.98
702,Larry,Jenkins,11/8/1992,Indigo,50,106,0.41,13248141.72
703,Bonnie,Fields,6/5/1987,Fuscia,47,238,0.138,34916664.69
704,David,Williamson,3/27/1981,Teal,30,11,0.672,34866189.98
705,Wanda,Alexander,4/5/1984,Fuscia,46,242,0.54,22679068.97
706,Evelyn,Arnold,8/16/1993,Orange,22,235,0.309,15655239.41
707,Rebecca,Romero,3/3/1979,Goldenrod,75,294,0.235,10400481.83
708,Paul,Brown,5/4/1997,Pink,27,9,0.583,25356403.15
709,Donald,Pierce,6/15/1992,Yellow,31,191,0.556,22257331.83
710,Shirley,Ellis,11/1/1979,Violet,20,131,0.596,43221780.05
711,Jeremy,Frazier,5/10/1996,Red,3,20,0.509,33038689.4
712,Catherine,Mcdonald,7/12/1975,Yellow,28,112,0.25,34156350.94
713,Martha,Black,11/13/1996,Pink,72,195,0.285,32039630.6
714,Phillip,Schmidt,4/30/1994,Puce,83,274,0.402,36808154.57
715,Martha,Day,11/17/1990,Turquoise,27,3,0.238,43953909.95
716,Chris,Duncan,8/26/1994,Puce,57,2,0.432,15468850.78
717,Kathy,Mcdonald,10/2/1979,Orange,29,249,0.786,37741332.5
718,Howard,Young,12/12/1978,Yellow,5,67,0.322,33987323.34
719,Donald,Spencer,5/26/1986,Turquoise,45,179,0.525,24766731.64
720,Katherine,Howard,6/27/1994,Yellow,77,3,0.314,32150488.37
721,Paul,Bowman,10/4/1996,Maroon,37,3,0.114,39319784.94
722,Tina,Peters,7/16/1996,Mauv,27,275,0.619,11337904.73
723,Kathryn,Martin,7/6/1998,Yellow,18,118,0.319,37649765.48
724,Lisa,Lopez,3/11/1982,Crimson,47,23,0.343,14172812.15
725,Heather,Stevens,6/18/1995,Fuscia,46,281,0.486,32684350.81
726,Willie,Williams,3/21/1987,Blue,62,67,0.332,44166470.89
727,Steven,Richards,3/10/1986,Fuscia,89,201,0.485,31621290.16
728,Diana,Martinez,12/19/1982,Fuscia,79,262,0.752,18277301.62
729,William,Wood,3/3/1977,Orange,88,137,0.685,15016928.23
730,Joan,Rogers,3/5/1978,Teal,56,53,0.588,14676835.05
731,Jason,Bennett,1/10/1979,Turquoise,23,73,0.321,2795085.0
732,Stephen,Andrews,1/1/1997,Pink,79,59,0.77,19124710.63
733,Lawrence,Kelley,8/17/1983,Violet,74,236,0.254,26837473.28
734,Diane,Sanders,9/18/1982,Aquamarine,7,73,0.559,40291796.26
735,Wayne,Fields,9/27/1986,Khaki,26,255,0.138,15299207.21
736,Tina,Gonzalez,4/15/1996,Blue,41,27,0.308,7254192.0
737,Julie,Greene,3/26/1983,Pink,75,79,0.576,8505222.0
738,Nicholas,Ellis,1/22/1996,Goldenrod,97,71,0.317,11323567.65
739,Phillip,Cole,2/16/1983,Purple,36,229,0.684,19931101.76
740,Julia,Kim,6/25/1991,Aquamarine,78,77,0.77,5381793.38
741,Rose,Barnes,2/26/1976,Mauv,98,178,0.638,29937850.61
742,Andrea,Vasquez,2/17/1986,Teal,61,102,0.218,29692638.66
743,Joseph,Dunn,10/21/1997,Blue,50,172,0.468,21700174.26
744,Bonnie,Bryant,8/5/1993,Indigo,48,171,0.558,1156956.34
745,Gloria,Sims,12/23/1986,Goldenrod,10,152,0.401,4068070.0
746,Carlos,Collins,6/9/1991,Green,2,210,0.735,6136943.47
747,Tina,Black,2/6/1976,Indigo,76,47,0.269,13468953.79
748,Jesse,Kelly,10/4/1994,Violet,26,163,0.363,38450589.7
749,Joshua,Ramos,9/6/1989,Khaki,83,127,0.562,5090876.0
750,Nicole,Cooper,6/6/1998,Green,34,272,0.516,3368279.0
751,Rebecca,Gonzalez,10/30/1975,Teal,70,125,0.804,2596287.66
752,Phillip,Bailey,8/19/1992,Goldenrod,70,55,0.746,21819732.75
753,Frances,Hicks,6/24/1993,Teal,32,244,0.358,685618.51
754,Arthur,Dean,9/12/1993,Khaki,54,220,0.699,31942065.79
755,Edward,Simmons,4/8/1997,Pink,40,134,0.242,26241035.14
756,Antonio,Boyd,12/16/1989,Turquoise,51,93,0.525,37602551.63
757,Melissa,Perkins,10/23/1996,Aquamarine,47,99,0.622,12553246.38
758,Daniel,Morrison,10/13/1996,Khaki,49,198,0.091,10659205.82
759,Kimberly,Robertson,6/21/1988,Khaki,100,85,0.526,42294409.46
760,Sara,Chapman,2/12/1978,Red,78,219,0.705,25956714.73
761,Elizabeth,Cunningham,7/30/1983,Teal,43,243,0.243,21548337.63
762,Benjamin,Perkins,8/16/1977,Mauv,100,141,0.455,21227678.28
763,Judith,Fox,9/29/1978,Orange,49,285,0.772,35545317.71
764,Jose,Morgan,11/30/1998,Teal,61,19,0.139,39393378.62
765,Albert,Walker,2/26/1982,Turquoise,9,259,0.659,5402196.11
766,Patricia,Ross,8/1/1975,Violet,3,81,0.691,16503891.54
767,Kathryn,Torres,5/25/1996,Pink,9,131,0.522,22872504.66
768,John,Green,2/6/1988,Green,61,201,0.538,4210459.58
769,Russell,Dean,3/22/1990,Purple,84,96,0.336,10273320.73
770,Doris,Gray,4/16/1986,Maroon,70,283,0.185,26690181.39
771,Mary,Harrison,5/28/1992,Aquamarine,64,286,0.622,26225464.3
772,Anne,Price,5/18/1980,Puce,77,51,0.429,41571632.48
773,Clarence,Harris,9/12/1984,Indigo,40,69,0.16,12446328.15
774,Jose,Davis,12/12/1978,Mauv,80,32,0.574,8402381.0
775,Mark,James,7/29/1996,Purple,47,5,0.161,16944336.32
776,Janet,Morales,3/16/1985,Yellow,44,12,0.778,28466025.98
777,Diane,Rogers,7/22/1992,Teal,94,64,0.138,6044383.0
778,Edward,Wells,8/11/1995,Aquamarine,72,116,0.157,31971374.04
779,Ralph,Henry,10/31/1996,Red,68,85,0.783,26295379.45
780,Justin,Jenkins,9/30/1997,Fuscia,89,60,0.224,21738203.55
781,Samuel,Torres,9/1/1998,Crimson,90,252,0.155,42615083.96
782,Susan,Perkins,12/4/1997,Purple,65,35,0.285,25244901.66
783,Lisa,Armstrong,2/21/1986,Indigo,44,173,0.278,14365726.93
784,Philip,Jones,8/31/1978,Turquoise,77,17,0.258,8180603.0
785,Jack,Collins,4/20/1975,Teal,94,190,0.294,6280473.0
786,Linda,Clark,5/28/1976,Teal,38,250,0.349,4647090.0
787,Douglas,Dixon,8/19/1977,Fuscia,99,127,0.507,20240126.59
788,Diane,Willis,11/26/1987,Indigo,42,98,0.095,1642109.08
789,Debra,Henry,8/19/1994,Yellow,26,196,0.39,33573657.17
790,Patricia,Stanley,9/18/1986,Blue,2,2,0.275,39590406.37
791,Ruth,Roberts,7/26/1987,Purple,29,55,0.562,43116875.95
792,Michael,Mitchell,11/30/1990,Aquamarine,64,265,0.769,16952011.67
793,Patrick,Evans,1/19/1986,Violet,75,167,0.61,16413565.47
794,Rose,Wallace,7/24/1984,Indigo,100,116,0.508,6583631.0
795,Joe,Arnold,10/27/1997,Green,92,277,0.469,4012234.15
796,Julie,Dunn,6/5/1998,Indigo,65,64,0.787,40038589.97
797,Bruce,Robinson,4/19/1984,Fuscia,28,27,0.282,16394112.91
798,Adam,Ruiz,11/29/1989,Green,53,287,0.245,19245709.09
799,Wayne,Anderson,4/11/1988,Red,41,153,0.27,26305634.98
800,Angela,Greene,4/29/1997,Khaki,72,106,0.279,35705666.22
801,Raymond,Rivera,6/28/1984,Red,40,166,0.593,33125626.65
802,Kathryn,Sanders,8/12/1980,Orange,100,296,0.696,32404806.53
803,Craig,Dixon,8/14/1988,Teal,70,16,0.182,30480818.65
804,Mildred,Wallace,9/11/1995,Violet,13,284,0.554,1392320.08
805,Pamela,Medina,7/12/1998,Indigo,50,26,0.505,40176739.37
806,Alice,Martin,4/21/1989,Maroon,35,256,0.745,36893199.89
807,Barbara,Peters,10/20/1983,Puce,34,199,0.727,842075.73
808,Carolyn,Cunningham,4/5/1992,Green,18,122,0.118,42049400.39
809,Lawrence,Webb,7/20/1977,Violet,17,190,0.635,3213506.59
810,Donna,Reynolds,2/20/1997,Maroon,88,59,0.512,18303842.85
811,Peter,Allen,4/17/1987,Mauv,69,256,0.642,1038087.69
812,Norma,Lewis,3/20/1981,Turquoise,69,170,0.128,11545404.43
813,Sara,Cook,4/25/1996,Purple,97,285,0.107,39881047.78
814,Judith,Phillips,3/25/1995,Orange,71,156,0.584,7768002.0
815,Harold,Thompson,5/1/1989,Yellow,83,191,0.34,37573891.82
816,Judy,Wells,4/10/1988,Green,43,50,0.587,10744833.55
817,Carolyn,Snyder,9/22/1982,Violet,96,289,0.397,13003621.87
818,Laura,Ford,2/4/1986,Goldenrod,50,292,0.407,12282799.73
819,Diana,Little,3/5/1991,Maroon,25,157,0.314,14601197.82
820,Sean,Day,1/24/1989,Maroon,91,28,0.259,25583542.65
821,Aaron,Perry,12/24/1993,Khaki,37,207,0.667,20812360.08
822,Heather,Marshall,8/28/1990,Aquamarine,7,2,0.679,20692539.95
823,Matthew,Collins,12/22/1986,Red,15,129,0.489,16296937.3
824,Eric,Ramirez,1/13/1992,Purple,16,114,0.437,9696110.0
825,Samuel,Watson,6/25/1975,Mauv,14,63,0.234,35002794.53
826,Ruth,Rose,3/31/1982,Indigo,89,59,0.174,28781246.37
827,Lawrence,Murray,12/29/1985,Puce,96,34,0.105,41221401.06
828,Gregory,Smith,8/7/1976,Red,2,271,0.684,4059532.8
829,James,Kelly,10/4/1998,Indigo,4,192,0.494,25472762.55
830,Brenda,George,9/8/1991,Blue,6,216,0.391,40889872.83
831,Ernest,Hayes,11/6/1985,Indigo,6,71,0.497,4276275.0
832,William,Dunn,9/20/1985,Crimson,1,107,0.719,39180779.16
833,Mark,Hanson,7/16/1981,Puce,9,82,0.129,22489271.56
834,Gloria,Hansen,1/9/1997,Purple,70,120,0.36,37111317.57
835,Carl,Carr,6/17/1992,Puce,91,66,0.478,15423539.19
836,Martin,Little,2/10/1984,Yellow,89,143,0.804,10798500.96
837,Daniel,Black,9/6/1975,Violet,3,110,0.241,3168582.16
838,Diane,Carter,12/3/1991,Violet,82,261,0.765,27010266.35
839,Christina,George,3/19/1977,Yellow,25,228,0.181,9651783.0
840,Anthony,Cruz,11/13/1996,Fuscia,19,9,0.474,36408374.05
841,Anne,Martin,4/29/1975,Aquamarine,96,70,0.164,28088731.58
842,Phyllis,Sims,3/15/1986,Khaki,55,65,0.586,13273153.56
843,Rose,Wagner,6/19/1997,Red,33,99,0.389,13761226.82
844,Susan,Allen,7/16/1985,Purple,31,197,0.536,1276856.27
845,Joshua,Murray,5/1/1989,Orange,80,48,0.194,13856785.35
846,Stephanie,Reyes,2/12/1977,Green,46,93,0.574,43478044.95
847,Bobby,Watson,12/16/1981,Maroon,82,224,0.676,16167438.7
848,Jason,Stewart,1/19/1988,Aquamarine,4,83,0.781,21269909.52
849,Lawrence,Olson,4/3/1991,Maroon,19,49,0.725,41057277.59
850,Ruth,Hill,12/30/1996,Pink,43,226,0.707,40955214.49
851,Johnny,Murray,2/26/1982,Maroon,9,244,0.148,23169456.66
852,Scott,Burton,7/7/1987,Teal,5,40,0.465,9751701.0
853,George,Richards,4/1/1985,Green,74,283,0.697,7770388.13
854,Helen,Miller,4/2/1997,Mauv,100,31,0.639,7521750.0
855,Jessica,Gilbert,4/8/1995,Fuscia,83,49,0.215,39044385.39
856,Ashley,Hicks,7/26/1982,Purple,28,103,0.197,4801687.0
857,Matthew,Spencer,2/15/1979,Pink,23,201,0.686,13539375.61
858,Victor,Watson,4/24/1989,Violet,96,25,0.175,35993759.16
859,Alice,Harrison,10/26/1977,Orange,99,190,0.615,41489272.51
860,Nicholas,Barnes,10/27/1975,Green,17,16,0.778,38413334.76
861,Timothy,Powell,6/19/1990,Teal,78,27,0.106,1688702.39
862,Julie,Bradley,8/12/1988,Khaki,76,59,0.628,5589900.72
863,Denise,Harrison,1/7/1996,Goldenrod,18,298,0.413,34640810.75
864,Lois,Davis,10/20/1988,Indigo,3,167,0.458,42552003.97
865,Amy,Nguyen,6/30/1976,Green,49,139,0.19,30005141.53
866,Chris,Austin,7/25/1981,Khaki,40,243,0.54,14691210.51
867,Judith,Garza,8/28/1975,Goldenrod,50,50,0.701,31534414.37
868,Ann,Weaver,7/24/1993,Green,4,71,0.127,29866998.04
869,Maria,Richardson,11/21/1983,Turquoise,78,221,0.683,22712017.68
870,Anna,Price,7/4/1998,Goldenrod,85,71,0.591,33546024.53
871,Jason,Morrison,6/4/1975,Red,58,229,0.259,36288428.23
872,Willie,Lawson,1/13/1997,Pink,11,203,0.752,1442784.56
873,Randy,Williamson,9/5/1996,Blue,64,21,0.531,6033161.0
874,Willie,Martinez,8/17/1993,Crimson,85,178,0.772,38257641.18
875,Harold,Reed,5/17/1990,Turquoise,28,196,0.554,31319877.53
876,John,Miller,9/4/1976,Purple,84,99,0.707,15566904.92
877,Tammy,Dean,7/21/1998,Crimson,77,29,0.324,13516295.63
878,Chris,Mccoy,3/7/1991,Orange,30,164,0.734,26351422.4
879,Helen,Reid,12/3/1982,Mauv,14,87,0.743,41250048.87
880,Phillip,Porter,7/13/1994,Yellow,51,164,0.14,4876235.47
881,Brandon,Welch,3/19/1996,Green,87,144,0.663,37597753.33
882,Cheryl,Jordan,11/24/1976,Blue,23,155,0.497,19737164.75
883,Susan,Shaw,6/13/1988,Goldenrod,9,257,0.472,385979.2
884,Diana,Brooks,6/30/1996,Orange,13,19,0.754,12815950.6
885,Kathryn,Dixon,6/2/1986,Khaki,76,202,0.614,34709726.04
886,Stephen,Brown,10/22/1985,Indigo,81,81,0.218,32924825.01
887,Amy,Washington,7/31/1996,Red,40,155,0.56,15435943.28
888,Keith,Powell,5/12/1983,Red,1,238,0.254,10865065.38
889,Brandon,Walker,6/30/1989,Goldenrod,87,170,0.667,1958115.32
890,Stephanie,Freeman,6/13/1983,Pink,22,166,0.166,5370197.72
891,Jeremy,Morgan,1/26/1990,Indigo,61,229,0.141,18136832.43
892,Linda,Ray,11/10/1980,Indigo,51,145,0.461,24667245.33
893,Emily,Gonzalez,8/29/1975,Green,24,187,0.348,3882023.23
894,John,Jackson,6/14/1981,Blue,39,198,0.678,21295098.69
895,Johnny,Greene,2/16/1987,Teal,41,14,0.321,14573038.85
896,Larry,Graham,6/24/1992,Indigo,55,122,0.537,13987721.11
897,Mary,Cunningham,8/27/1982,Green,80,163,0.147,34229582.25
898,Tammy,Walker,3/25/1997,Aquamarine,28,251,0.769,12207257.27
899,Sharon,Peterson,12/26/1986,Indigo,80,264,0.463,38631050.36
900,Marie,Kim,4/11/1975,Red,22,240,0.141,20550293.34
901,Anthony,Hill,4/15/1990,Green,3,90,0.149,28120693.85
902,Amy,Kelley,2/22/1982,Maroon,86,275,0.598,783975.73
903,Lisa,Elliott,11/26/1982,Mauv,66,36,0.36,3297473.74
904,Anthony,Harper,1/10/1983,Fuscia,69,300,0.088,2581424.91
905,Jose,Franklin,8/21/1994,Red,14,104,0.125,25493702.19
906,Ruth,Rogers,11/21/1987,Purple,2,230,0.112,845050.12
907,Michelle,Alvarez,11/4/1985,Turquoise,45,264,0.443,29980498.34
908,Norma,Price,11/15/1988,Maroon,96,299,0.096,25770453.97
909,Steven,Griffin,10/25/1995,Orange,47,41,0.458,8145144.42
910,Shawn,Fuller,7/25/1976,Orange,7,88,0.493,40016552.96
911,Timothy,Wright,6/29/1998,Green,17,165,0.687,32381663.38
912,Arthur,Ferguson,9/1/1983,Orange,13,20,0.077,27779129.67
913,Michael,James,1/31/1997,Maroon,5,25,0.733,17146532.9
914,Catherine,Bishop,2/7/1986,Maroon,84,33,0.188,30021882.88
915,Jose,Roberts,3/28/1980,Aquamarine,17,36,0.356,29886619.14
916,Anne,Henderson,3/23/1977,Yellow,77,138,0.702,19925578.81
917,Arthur,Mcdonald,2/5/1982,Aquamarine,66,281,0.244,32914181.12
918,Daniel,Black,12/10/1981,Goldenrod,93,157,0.594,17781170.56
919,Gregory,Hansen,8/11/1978,Green,43,149,0.609,17313959.87
920,Albert,Nichols,3/17/1994,Khaki,83,264,0.571,5665531.72
921,Amanda,Mitchell,6/8/1985,Maroon,93,191,0.146,10591522.09
922,Judy,Lane,2/13/1990,Green,14,286,0.529,32214008.74
923,Lois,Ruiz,3/17/1981,Orange,45,24,0.472,18541121.35
924,Walter,Larson,12/9/1978,Crimson,65,50,0.795,36088377.77
925,Jennifer,Shaw,5/24/1987,Purple,4,235,0.148,4409219.0
926,Craig,Hudson,10/10/1979,Mauv,42,18,0.6,12593995.02
927,Marie,White,9/22/1993,Orange,29,39,0.585,36338227.51
928,Pamela,Crawford,8/2/1981,Maroon,64,78,0.484,19517777.48
929,Ryan,Jacobs,12/1/1998,Blue,95,300,0.107,13002196.58
930,Debra,Payne,9/28/1985,Maroon,76,162,0.641,36778433.04
931,Jack,Moreno,2/9/1982,Teal,2,98,0.37,7207779.0
932,Anne,Spencer,4/7/1986,Indigo,33,299,0.182,40430168.48
933,Sandra,Payne,5/29/1991,Goldenrod,85,33,0.109,26653693.09
934,Heather,Richardson,1/24/1993,Yellow,34,66,0.11,17371793.41
935,David,Alvarez,9/22/1991,Violet,4,111,0.699,3913273.0
936,Willie,Williams,1/27/1991,Khaki,3,287,0.361,27527407.49
937,Charles,Diaz,1/24/1998,Indigo,91,134,0.126,36058503.4
938,Charles,Lynch,1/8/1990,Fuscia,90,33,0.707,1212677.62
939,Charles,Hamilton,8/5/1997,Teal,33,227,0.143,22695467.32
940,Billy,Simpson,10/6/1979,Puce,78,93,0.649,44229668.09
941,Diane,James,7/7/1979,Goldenrod,67,177,0.127,8089354.65
942,Roy,Cooper,1/11/1978,Turquoise,19,279,0.31,41031066.64
943,Jeffrey,Rice,5/7/1992,Mauv,85,108,0.792,43576986.6
944,Johnny,Hall,3/15/1981,Orange,19,216,0.658,23328536.97
945,Carol,Morales,7/21/1976,Red,29,231,0.668,12073073.08
946,Larry,Fisher,5/16/1993,Yellow,43,152,0.388,43678511.86
947,Billy,Marshall,10/21/1984,Blue,6,20,0.351,30846907.09
948,Ryan,Ramos,4/12/1997,Maroon,75,146,0.553,44797130.24
949,Harold,Parker,2/21/1992,Khaki,24,116,0.513,39622939.59
950,Jesse,Willis,6/7/1986,Purple,1,65,0.778,25830086.46
951,Jesse,Richards,5/4/1979,Red,49,179,0.133,5715054.79
952,Fred,Edwards,12/16/1997,Orange,52,198,0.234,20309286.11
953,Sarah,Ruiz,4/23/1976,Indigo,78,217,0.212,24108052.04
954,Jimmy,George,11/11/1996,Turquoise,43,132,0.386,559418.98
955,Evelyn,Peterson,7/17/1996,Green,87,28,0.335,41725775.9
956,Marie,Harrison,4/22/1979,Aquamarine,1,71,0.652,14962057.12
957,Sean,Baker,5/14/1980,Green,72,140,0.13,27541334.43
958,Billy,Clark,9/9/1981,Turquoise,42,252,0.478,17294920.96
959,Lisa,Oliver,11/21/1994,Puce,72,300,0.736,8179771.0
960,Laura,Price,10/30/1975,Puce,10,5,0.646,16771051.13
961,Phillip,Hall,5/24/1998,Aquamarine,59,243,0.255,40015296.81
962,Patrick,Reed,11/23/1992,Crimson,68,201,0.655,35913097.96
963,Walter,Holmes,9/19/1979,Blue,55,276,0.273,7919997.94
964,Carol,Edwards,1/23/1979,Turquoise,33,136,0.177,26154557.35
965,Anthony,Tucker,4/19/1975,Fuscia,18,84,0.244,19869574.83
966,Christine,Arnold,5/29/1981,Red,79,283,0.372,2373280.18
967,Ruby,Mendoza,10/28/1988,Purple,4,194,0.532,18779033.34
968,Kathryn,Morales,7/4/1982,Green,81,134,0.618,36026364.03
969,Ronald,Baker,10/15/1993,Turquoise,100,230,0.579,38672171.03
970,Robin,Black,5/29/1996,Red,72,291,0.71,39397609.97
971,Roy,Perry,4/5/1989,Maroon,72,104,0.697,2883026.0
972,Diane,Davis,3/30/1990,Turquoise,36,193,0.158,23620900.92
973,Sandra,Morrison,7/3/1977,Mauv,59,236,0.293,89035.37
974,Christine,Foster,3/10/1984,Purple,99,119,0.592,44017293.52
975,Lori,Torres,5/22/1983,Teal,65,179,0.807,17281943.61
976,Joseph,Carter,6/28/1989,Turquoise,60,138,0.267,33747877.01
977,Billy,Diaz,9/7/1992,Yellow,34,71,0.335,15904913.74
978,Henry,Roberts,3/29/1989,Yellow,14,97,0.257,1810949.06
979,Harry,Torres,9/23/1983,Green,93,131,0.438,14312100.01
980,Joyce,Alvarez,9/10/1978,Pink,22,217,0.509,39875695.39
981,Jerry,Ferguson,5/23/1991,Puce,83,98,0.623,5609296.0
982,Phyllis,Moore,1/5/1995,Blue,14,106,0.259,43616203.23
983,Harold,Price,6/21/1980,Red,60,174,0.439,24651737.92
984,Jose,Brown,11/17/1998,Mauv,52,272,0.135,39380817.15
985,Betty,Allen,1/14/1981,Fuscia,68,122,0.3,43828188.63
986,Ruby,Hudson,12/2/1990,Purple,98,206,0.692,3420222.9
987,Lisa,Wallace,9/2/1992,Red,70,185,0.518,25065342.23
988,Gary,Weaver,8/15/1982,Blue,74,121,0.381,21205512.7
989,Kathy,Gardner,12/22/1977,Purple,35,79,0.496,20655424.18
990,Gregory,Romero,12/23/1985,Crimson,51,185,0.405,24917574.54
991,Judy,Gilbert,10/20/1984,Violet,2,218,0.098,22347365.33
992,Rachel,Miller,1/3/1981,Maroon,97,233,0.21,9009759.0
993,Tina,Williamson,1/13/1987,Teal,64,40,0.363,42676307.4
994,Eric,Collins,6/11/1985,Teal,28,60,0.7,4029176.85
995,Andrew,Kim,9/21/1981,Puce,65,143,0.293,30018168.98
996,Emily,Williams,2/20/1997,Teal,10,223,0.098,1945831.45
997,Judith,Mendoza,2/1/1980,Orange,22,62,0.254,5645703.0
998,Lawrence,Duncan,4/29/1998,Puce,10,201,0.553,39976416.13
999,Jennifer,Harvey,7/7/1977,Pink,48,226,0.44,35018433.03
1000,Pamela,Reyes,4/14/1988,Indigo,8,43,0.211,43043220.86
