country,HDI,em1970,em1971,em1972,em1973,em1974,em1975,em1976,em1977,em1978,em1979,em1980,em1981,em1982,em1983,em1984,em1985,em1986,em1987,em1988,em1989,em1990,em1991,em1992,em1993,em1994,em1995,em1996,em1997,em1998,em1999,em2000,em2001,em2002,em2003,em2004,em2005,em2006,em2007,em2008,em2009,em2010,gdp1970,gdp1971,gdp1972,gdp1973,gdp1974,gdp1975,gdp1976,gdp1977,gdp1978,gdp1979,gdp1980,gdp1981,gdp1982,gdp1983,gdp1984,gdp1985,gdp1986,gdp1987,gdp1988,gdp1989,gdp1990,gdp1991,gdp1992,gdp1993,gdp1994,gdp1995,gdp1996,gdp1997,gdp1998,gdp1999,gdp2000,gdp2001,gdp2002,gdp2003,gdp2004,gdp2005,gdp2006,gdp2007,gdp2008,gdp2009,gdp2010
Algeria,0.698,1.096570915,1.317742925,1.94148771,2.545069699,2.055100819,1.99949703,2.368993416,2.454152784,3.547510105,2.505675767,3.535836994,2.388316861,1.953971991,2.534360345,3.317148064,3.293451227,3.352024808,3.594821941,3.492414075,3.24466281,3.11821676,3.141132831,3.097162036,3.035233508,3.111325685,3.3467306,3.354239287,3.015670427,3.608257648,3.060244617,2.879527679,2.720453311,2.889312783,2.899236274,2.762219639,3.257009779,3.113135178,3.312874684,3.328944661,3.564360549,3.480976541,1436.129775,1235.663803,1527.646365,1538.306425,1603.34962,1632.296018,1714.070053,1747.665127,1848.437508,1923.29062,1876.075639,1869.621279,1924.614086,1963.365104,2008.472176,2020.08722,1969.764217,1902.061098,1833.152878,1864.712582,1832.743369,1766.660839,1755.973698,1680.379856,1630.381508,1660.004192,1698.333823,1690.237538,1750.6509,1781.142464,1794.405233,1814.41513,1871.921986,1971.512803,2043.135713,2115.186028,2124.957754,2155.485231,2173.787903,2192.703976,2231.980246
Austria,0.885,6.789261266,6.955570959,7.465386491,7.967406198,7.592675124,7.176575974,7.705231431,7.420290758,7.596517081,8.150411477,6.928431961,7.439421516,7.140653327,6.88872302,7.22362896,7.235239262,7.142606182,7.611914817,7.013105469,7.08932007,7.916028563,8.497443146,7.782808183,7.688675585,7.739535636,7.778174302,7.916498335,8.015418493,8.219538404,7.989368994,7.956563584,8.174472454,8.310385132,8.889629244,8.77880008,9.017237523,8.6494461,8.319711838,8.183160018,7.438353474,7.969244347,11085.10449,11600.22295,12248.95167,12776.99245,13258.09388,13244.96435,13875.87098,14575.16601,14556.24303,15362.14184,15628.11853,15565.82167,15867.50615,16365.68683,16375.10914,16776.39194,17151.57949,17373.35717,17920.57394,18533.4758,19192.07172,19655.36566,19847.22018,19787.9258,20185.41806,20692.25631,21174.05212,21638.4083,22432.91072,23181.69316,23974.18307,24087.35538,24375.11384,24466.7063,24945.04777,25370.46587,26171.69091,27036.48733,27305.92329,26183.9976,26642.99386
Bahamas,0.771,15.1977658,38.71746945,36.49163054,43.37612724,39.91730194,43.70025238,33.51392453,49.30065791,32.79496775,33.64240983,37.93763849,13.00948931,10.27455326,8.959657845,8.070210542,6.440619675,5.906826953,5.848914908,6.22451083,7.736290633,7.615983675,6.831643313,6.746663355,6.284917061,6.123846938,6.01556971,5.881101864,4.749022516,5.779425109,5.699779129,5.604998247,5.203256345,5.15585844,4.893601246,5.475436261,5.005876373,4.695545558,4.705128712,3.131921321,4.854818466,7.186250463,16944.17706,16773.32431,15825.01611,16681.08272,13616.13388,11368.41198,11708.97569,12508.23765,13971.07784,17236.66283,17954.41744,15939.86648,16632.42252,16855.9741,18841.51612,19359.4995,19341.59051,19571.05278,19685.36145,20653.8658,19970.50833,18789.34949,17736.28159,17466.21081,17707.13476,18195.24765,18702.81496,18853.24266,19514.56795,20665.69366,21258.29243,21530.3738,21809.34718,21228.07569,21106.72008,21507.71526,21728.70888,21721.61841,20911.59943,19619.12136,19395.15231
Bangladesh,0.5,0.056907689,0.053188188,0.051254824,0.066063807,0.066990094,0.068988152,0.07729859,0.078625581,0.079102003,0.084853644,0.094731427,0.095688393,0.100971081,0.094161354,0.101556559,0.110893668,0.120874661,0.121746414,0.135362306,0.131016623,0.147563998,0.147900019,0.161003196,0.15451725,0.164851634,0.194183266,0.200349627,0.204801701,0.19267111,0.19835736,0.215033394,0.245964373,0.251023286,0.248178278,0.286703397,0.267095016,0.338118365,0.336644963,0.319161002,0.355868066,0.377610209,282.2545184,262.981578,224.2091077,230.0809801,249.85177,236.1923411,244.4665113,244.6789824,254.5800293,259.0515444,253.7822815,256.250629,255.3386127,258.5983764,264.8234246,266.086821,269.9559196,272.5475672,271.1057719,271.0917122,280.1736837,282.7790405,290.4082118,297.1685013,302.8187236,311.1665705,318.9204692,329.396045,339.8583201,349.6507414,363.6399273,375.9934601,385.8060432,399.3959566,417.9536838,436.6881834,459.8625139,483.970868,508.5557725,532.0769985,558.062385
Burkina Faso,0.331,0.024623366,0.025377216,0.026691801,0.027340417,0.032596535,0.034186579,0.031774981,0.037069988,0.050621707,0.057787472,0.059991873,0.075432817,0.076021874,0.076508059,0.058478732,0.058345019,0.05728905,0.060067645,0.062648517,0.090488787,0.06292009,0.065448613,0.064060039,0.061964886,0.062045167,0.058641218,0.06437916,0.071376274,0.074146362,0.077924752,0.084702482,0.078850092,0.077190403,0.080474192,0.080035373,0.079280882,0.093032044,0.109310102,0.109419171,0.104142692,0.102193772,136.9204136,136.1258478,136.4992068,134.3381165,142.465397,143.6351636,152.5233087,149.7079159,153.0765216,155.037476,152.6101667,155.3058983,166.0239938,162.4890534,155.6079769,164.5876723,173.1336221,168.2577106,173.3623974,172.4278113,166.8412774,177.1102681,172.745855,173.8908427,171.3942466,176.2585051,190.3320226,196.8145029,205.3897943,214.4962792,212.3753864,220.1479407,223.9952322,235.1460232,239.0119506,252.2147193,261.4805054,263.0149271,270.1248597,269.9706467,282.6969373
Costa Rica,0.744,0.686853305,0.819821998,0.923911497,1.047520357,0.953605588,0.995048187,0.992659175,1.21142025,1.317875987,1.2257816,1.051488364,0.934401656,0.842095689,0.826151611,0.76439697,0.841822765,0.942633161,0.970666441,1.008263371,0.99349534,0.962574044,1.060117113,1.175662282,1.196540627,1.556803993,1.402646781,1.334890784,1.366860521,1.421348964,1.441209509,1.396805794,1.439023493,1.549031311,1.592540657,1.636129904,1.644694223,1.697011744,1.925313584,1.911933419,1.702829651,1.667708761,2371.559757,2471.677527,2612.358165,2749.966176,2835.318007,2825.086163,2905.862294,3082.039196,3187.500849,3254.090647,3189.039826,3031.481706,2733.293317,2734.286881,2824.580879,2776.893983,2859.065496,2974.959654,3008.202118,3079.734066,3119.632564,3121.370058,3325.26772,3486.846918,3564.271599,3613.881003,3555.542499,3660.070068,3869.523391,4088.304414,4068.821351,4026.557239,4061.980725,4241.887772,4344.084202,4521.011952,4836.674305,5137.485256,5196.689144,5066.966003,5226.566178
Cote d'Ivoire,0.4,0.450851633,0.478475499,0.509996196,0.519147705,0.550610321,0.589413246,0.559345599,0.546579627,0.620308019,0.667197176,0.731954395,0.502594676,0.658148517,0.499768805,0.535647128,0.698058196,0.547496273,0.680107022,0.783229371,0.704199299,0.463103135,0.435325112,0.345519064,0.426355694,0.368365676,0.485901035,0.555227448,0.527558288,0.435283101,0.385789334,0.409528933,0.457333148,0.424062366,0.31277628,0.432179251,0.434198441,0.381753139,0.369090155,0.361896603,0.302618026,0.29407195,852.9255887,894.1228027,891.8858825,903.5532123,900.9366863,931.7505003,1004.893839,1029.964383,1091.200333,1067.713471,909.0070675,900.0737956,863.4311611,795.2365324,742.6592873,746.1494783,742.0833526,713.4016106,696.8595185,693.3078299,662.8675347,641.2072899,618.8025745,598.018497,584.5253864,608.1200345,637.2058658,656.158427,670.6147102,665.9728897,628.2281148,616.5235814,597.5229751,578.9671333,580.1682888,578.0306074,572.2971337,572.0962695,574.9350967,585.3044893,587.5445423
Egypt,0.644,0.603638222,0.627055003,0.678841622,0.619459527,0.665374602,0.774864287,0.840591484,0.902298335,0.915864591,0.977832859,1.006299309,1.107521178,1.199103221,1.182485842,1.290779736,1.261991181,1.436577856,1.40697014,1.369096215,1.296540363,1.335895349,1.358160933,1.37713524,1.551938413,1.397707543,1.542197726,1.61629481,1.685249652,1.871589273,1.88665468,2.088937708,1.820930715,1.812364331,2.06927612,2.071494326,2.253172813,2.363415679,2.500135211,2.512394205,2.481971367,2.52409946,565.9760672,572.2625856,571.0375231,562.6074104,564.1245673,601.1673142,673.9667707,743.659362,769.0496151,796.9975534,856.6007895,868.0588617,931.6261342,976.887535,1011.738562,1052.846372,1054.88802,1055.697719,1085.777682,1114.513204,1153.684513,1143.81312,1173.21007,1186.805731,1213.50565,1248.732698,1289.080933,1337.008939,1367.342647,1425.764651,1475.84441,1500.522743,1507.929351,1527.274258,1560.38394,1600.321838,1678.954796,1765.869427,1858.858447,1911.964501,1975.550031
El Salvador,0.674,0.382730453,0.393722267,0.426469519,0.487625482,0.476935018,0.498263993,0.511405073,0.51855782,0.531550431,0.522102509,0.458307445,0.38764058,0.36827746,0.391112236,0.325701653,0.397793812,0.393454389,0.477989582,0.47621204,0.49226792,0.490920226,0.596743545,0.623504627,0.696687068,0.782039919,0.920919364,0.845218335,0.986509971,0.988698667,0.963950159,0.966617034,0.996866647,1.008477793,1.090506491,1.055822349,1.066576228,1.126953876,1.130494874,1.067764634,1.051118297,1.008882135,1861.494075,1882.638983,1946.632419,1990.629,2047.066605,2059.498059,2117.436716,2215.468043,2289.138261,2154.459307,1869.277719,1648.011288,1521.744682,1523.92489,1523.853512,1513.302416,1496.867323,1515.347176,1524.364234,1518.811516,1570.04653,1602.018937,1696.185962,1793.288017,1875.000075,1970.700359,1984.250943,2051.604252,2114.407971,2175.120985,2211.022459,2239.118645,2283.020652,2327.644216,2362.747667,2438.143651,2523.523599,2609.089915,2629.937905,2534.805972,2555.887676
France,0.884,8.647469615,9.037871603,9.320518209,9.937511769,9.530918369,8.480986532,9.543478828,9.035339325,9.466648897,9.862765616,9.378557143,8.398516323,8.029095846,7.725745567,7.3707307,7.250959552,6.93797286,6.755887314,6.626696928,6.920428446,7.035870965,7.508045486,6.941837134,6.776778032,6.41039434,6.798462427,7.029040313,6.511920454,6.992889001,6.319416724,6.190346876,6.495829652,6.370695461,6.439525682,6.437106167,6.427193278,6.232633759,6.087139998,5.999020726,5.71531184,5.753381167,11572.96622,12093.53183,12540.90377,13265.17128,13787.34561,13546.39505,14065.37599,14502.01334,15005.48142,15459.34685,15641.97106,15716.90473,16011.14006,16117.64077,16265.1401,16432.99036,16708.21534,17009.83132,17704.04983,18346.29154,18731.66202,18836.73334,19029.93463,18822.69755,19166.19677,19478.17581,19606.05309,19952.90591,20539.07007,21146.39522,21774.99299,22014.02474,22057.63515,22098.99175,22495.24481,22734.23332,23133.35113,23516.22317,23366.40262,22508.76261,22758.15413
Germany,0.905,13.13717155,13.24500653,13.27670135,13.82791189,13.53017658,12.7655002,13.89876401,13.42240344,13.77597736,14.29281903,14.08973538,13.45958881,13.07022381,13.04715204,13.34292912,13.48265026,13.51195079,13.28708809,13.1974408,12.93279745,12.81357045,11.67440616,11.10938596,10.84403101,10.62001276,10.54604616,10.82152956,10.47297493,10.38593584,9.987493757,10.07786447,10.36102497,10.05308301,10.10292354,10.00700282,9.77250761,9.799174272,9.500478837,9.497246757,8.88512538,9.05581625,11895.36571,12245.52367,12711.15676,13276.5512,13389.50283,13323.03275,14042.50478,14545.42826,14996.07205,15611.56053,15798.69536,15858.13677,15810.55319,16101.31467,16613.1734,17037.9529,17419.69421,17636.83063,18219.35112,18783.45503,19600.84319,20452.54296,20685.68998,20344.21755,20774.89183,21061.29653,21166.48499,21502.72144,21899.7529,22295.09966,22945.70885,23254.03991,23217.33203,23117.36188,23390.86265,23564.38517,24463.84647,25297.38539,25620.07539,24368.19561,25420.27572
Guatemala,0.574,0.422013967,0.43624733,0.471050911,0.496937077,0.505663464,0.565757858,0.518445203,0.582684511,0.615855367,0.683420865,0.640945108,0.550106412,0.490500349,0.419469231,0.440493409,0.442967634,0.454316694,0.479172037,0.483858992,0.486846823,0.569941948,0.553347714,0.643864772,0.591523307,0.698624328,0.715345363,0.649136722,0.724831604,0.816208863,0.813566418,0.882315347,0.922985759,0.940254517,0.867980937,0.936710015,0.979149895,0.960907218,0.945840465,0.83559482,0.843925573,0.772631051,1251.193519,1285.644381,1342.824296,1395.616548,1445.682878,1436.25422,1504.15297,1582.460712,1621.992155,1658.01772,1679.022441,1648.771399,1551.586192,1474.67823,1446.19155,1403.337838,1372.783244,1389.066041,1410.617694,1433.244704,1444.309237,1463.048748,1498.704836,1521.825661,1547.027574,1586.721932,1596.86309,1629.173165,1671.980828,1696.565649,1716.685342,1714.683402,1737.560382,1737.621098,1748.149672,1760.799855,1810.295335,1877.751467,1892.332607,1855.822851,1862.66726
Guinea-Bissau,0.353,0.11554954,0.119465165,0.104946811,0.169830926,0.153312547,0.163758158,0.13218343,0.136769444,0.131502376,0.1359332,0.17573057,0.167028172,0.163565031,0.160646721,0.1781547,0.186935014,0.195166056,0.202919253,0.221471018,0.231806687,0.248845524,0.247406012,0.245866778,0.257841576,0.252643616,0.250875547,0.249148886,0.225521711,0.144382958,0.159695138,0.118217125,0.118854203,0.119423726,0.147805044,0.150406146,0.155492757,0.155022984,0.162197346,0.156376432,0.158118391,0.157292475,172.5589253,162.8575584,169.0956258,166.0063893,167.8847971,174.6768389,176.4221459,157.3506362,171.1494948,168.4145375,137.2418724,158.0966179,161.3211743,153.0585535,164.1558701,167.9703585,163.5357623,165.0597631,169.2740587,176.046061,183.0783661,188.5693961,186.7891552,186.8423211,188.9340929,193.3230782,211.5166878,220.8949355,155.7675496,164.699961,173.6626946,170.680751,155.5288275,151.579804,151.9337031,154.1061313,154.2631682,155.9948009,157.7455097,159.1472285,161.2932891
Honduras,0.625,0.516949085,0.481701496,0.540656133,0.516623018,0.517538694,0.537712559,0.555862747,0.606531576,0.601685954,0.549624128,0.567035318,0.487003327,0.457063462,0.503257853,0.484665562,0.451189144,0.424413417,0.484784868,0.542269484,0.573940131,0.530204222,0.536851194,0.59556767,0.537162237,0.613279943,0.695832188,0.693932732,0.712522279,0.779695974,0.778468363,0.809029351,0.9000192,0.940225369,1.024106755,1.092420807,1.097989028,0.998465467,1.226179905,1.187453516,1.055715609,1.066636985,889.8391723,900.2990729,925.8773323,970.5612798,930.9701246,922.7347217,988.8465716,1057.960724,1127.670013,1143.610715,1115.742058,1109.06402,1060.542573,1019.204931,1031.765481,1043.066727,1019.630039,1049.573531,1066.315103,1080.878053,1051.785919,1056.27818,1085.763354,1123.305263,1080.770615,1097.567524,1110.825551,1140.514876,1148.533494,1103.304536,1142.709658,1149.949244,1169.130507,1197.914769,1247.323449,1296.624177,1354.497039,1409.979046,1440.680055,1382.131613,1392.315832
Iceland,0.898,6.808720519,7.126935853,7.080802205,8.241133885,8.082542482,7.41637657,7.740851721,8.579390863,8.590068542,8.792537699,8.179932211,7.602341718,6.857374895,6.560361117,7.60556652,6.744049246,7.314588761,7.501576614,7.406041855,7.546227085,7.814186418,6.867190708,7.040401825,7.58805729,7.584994596,7.279103328,8.185281302,7.714035782,7.623145917,7.428080876,7.69294596,7.398095721,7.569021409,7.479532244,7.621056368,7.426179107,7.56453274,7.555908819,6.821903051,6.507301171,6.127604102,13653.09117,15311.96879,16021.59528,16855.72945,17578.13238,17466.89433,18324.9638,19793.74323,20821.52042,21620.97236,22622.9028,23320.26153,23506.41371,22698.21981,23385.39562,23965.92239,25282.8164,27144.43317,26698.62716,26438.18194,26540.14492,26175.6408,24976.65735,25048.7155,25728.69306,25619.3342,26700.68499,27783.99974,29224.42406,30055.27261,30928.67564,31717.14596,31478.9822,32022.78398,34230.18336,36128.59244,36952.19207,38185.33368,37927.11904,35310.97441,33943.11853
Ireland,0.908,6.551198889,7.503568323,7.255809342,7.408886385,7.435046643,6.926194267,6.893622276,7.17572638,7.072262544,8.10798515,7.681358972,7.54129727,7.336338631,7.332885683,7.245786498,7.561371773,8.060716927,8.536306797,8.44545845,8.502474467,8.893529402,8.842182111,8.824458067,8.76166215,9.115845597,9.103309057,9.78729903,9.948335904,10.30947582,10.71178952,10.86857459,11.41974191,11.11799666,10.80478789,10.75766491,10.46903005,10.28141652,10.38840669,9.882531034,9.206180194,8.947851182,7377.495448,7544.702546,7915.815676,8157.661609,8365.453951,8694.42071,8683.648429,9270.290792,9796.536796,9963.951081,10153.25351,10368.73585,10505.70907,10406.00913,10792.0388,11107.24557,11054.6457,11568.93441,12224.70535,12986.79835,14074.44359,14263.78695,14640.43757,14959.68558,15758.49856,17188.38855,18664.80744,20495.91046,21865.41711,23764.16285,25629.6501,26433.75372,27518.57409,28200.07667,28937.33143,29825.53296,30669.37259,31543.60253,30130.64042,27814.12448,27599.29658
Italy,0.874,5.564280706,5.801855764,6.083147884,6.508083385,6.560143356,6.212477739,6.63231043,6.402255774,6.682274249,6.912721791,6.917933697,6.704712921,6.541255216,6.381463163,6.482438518,6.554282789,6.450061693,6.751373435,6.858719301,7.195274907,7.346387757,7.453277759,7.390734895,7.23390013,7.1506994,7.552808105,7.590620277,7.675093121,7.832074106,7.738377809,7.921192233,7.872607491,7.871308722,8.093183667,8.113530975,8.067625767,7.943251848,7.775988634,7.465942415,6.664962175,6.709572975,9502.123866,9629.859059,9928.720744,10564.33818,11072.69559,10776.70208,11487.13673,11731.33344,12068.36719,12750.61902,13160.82813,13256.0115,13300.9792,13451.61161,13882.43755,14266.75637,14673.98195,15140.82445,15768.26659,16290.33214,16599.92009,16843.63607,16972.62591,16817.59766,17175.84873,17671.40672,17866.89937,18190.67114,18448.79289,18713.35397,19388.27875,19737.24069,19763.83911,19601.25524,19744.88756,19781.95853,20102.23023,20291.22664,19903.45694,18697.21979,18944.41381
Kenya,0.509,0.274047238,0.316110365,0.320450511,0.312831997,0.380849092,0.368947343,0.329308797,0.348055155,0.353005383,0.321678644,0.38092175,0.386194254,0.267312682,0.255531131,0.22807796,0.191772908,0.204126334,0.244798323,0.218720242,0.22907115,0.248331245,0.199669077,0.221238732,0.245565772,0.246069429,0.275410576,0.330878737,0.285532198,0.337942083,0.33390066,0.333304526,0.292065065,0.241973384,0.199791151,0.219669222,0.240397827,0.261998311,0.2622454,0.266308378,0.312940918,0.306726998,291.4949966,343.7579535,388.3013099,396.5401823,397.8140903,386.7765217,380.7139978,401.4629116,413.4326729,428.4491671,435.5557894,435.0780555,425.0937584,414.5926945,406.2731223,408.2825798,421.8652297,431.1219088,441.979377,446.9613736,450.1718213,441.7092364,424.1409301,412.3969705,410.6019064,416.4573819,421.9441966,412.9163069,415.7071678,414.6000627,406.5230596,411.0713321,402.6288259,403.6788859,413.3182833,426.5174886,442.0213127,461.0193747,456.2504868,456.7715432,470.5770914
Madagascar,0.48,0.148370475,0.152649071,0.18626863,0.151312934,0.162790771,0.225803532,0.128813697,0.106767469,0.12496095,0.13384032,0.187401566,0.116219288,0.111705217,0.071439731,0.100802393,0.110548331,0.117061511,0.128372035,0.124751671,0.088372264,0.087436054,0.092449824,0.087267147,0.086739338,0.10341933,0.099980499,0.104203029,0.121683162,0.120437353,0.129262541,0.12194959,0.109909213,0.075626971,0.101014407,0.104140784,0.097376153,0.091334014,0.095625006,0.099422148,0.090554549,0.0971815,428.6508881,433.7869909,416.8795563,395.0599314,392.0746672,386.1936065,364.0595307,362.3713638,343.036006,366.6858676,359.9436907,316.7581406,303.2762338,298.4251841,295.8589576,291.4985944,289.2287118,284.5644347,285.9508944,289.0868754,289.4941085,263.2905835,258.5376868,256.0721212,248.1562506,244.6940024,242.2391988,243.3822039,245.0811228,248.5521079,252.3825167,259.4294043,219.7202784,234.008294,238.996113,242.6160692,247.3222293,255.0941521,265.3663611,245.9461456,242.6858167
Malaysia,0.761,1.33836229,1.491196388,1.562820331,1.491274444,1.583792299,1.579204925,1.896146534,1.753711395,1.761429913,2.01992615,2.023844276,2.173818137,2.102095453,2.543849041,2.262858242,2.29869511,2.46491472,2.440383724,2.483730635,2.817177082,3.107750445,3.666122971,3.920589057,4.655251459,4.652326572,5.845379597,5.900255636,5.73007701,5.114866135,4.719524749,5.406455633,5.704422921,5.511518925,6.394672388,6.538271649,6.79521184,6.418045513,7.588934077,7.752233946,7.294004038,7.632977838,1139.287768,1175.357189,1254.427269,1367.737166,1446.402359,1424.167388,1552.595897,1635.180089,1704.361802,1820.607315,1909.618067,1992.32596,2057.941244,2130.40189,2234.910073,2149.417362,2112.890278,2162.540715,2308.568393,2445.909291,2592.517053,2764.200613,2932.017288,3140.825774,3344.567799,3581.946302,3842.637758,4022.843596,3636.473102,3767.637015,4005.556325,3933.935077,4052.878748,4194.260799,4385.96954,4529.601248,4695.229726,4905.121369,5057.826663,4901.547097,5168.686016
Mali,0.359,0.0334216,0.037034455,0.039312321,0.042054479,0.046939161,0.051633348,0.050700469,0.060499548,0.056778728,0.06036941,0.05414782,0.053551651,0.048550087,0.05419849,0.055466776,0.050813357,0.046852511,0.04351012,0.045949997,0.049099431,0.048619057,0.049239985,0.048882097,0.048820425,0.048304981,0.047771679,0.048318498,0.050555997,0.048487613,0.049135234,0.048043479,0.046936668,0.046131635,0.043537599,0.044210382,0.043131879,0.041811363,0.041319605,0.041078867,0.041069149,0.040555698,172.1268594,173.5459457,180.434843,174.5781961,168.7590006,184.9348312,206.3328328,215.4988549,208.5116941,225.9184264,211.9885663,198.5499525,185.3905593,190.2535609,194.675116,169.4834055,180.86,177.317128,177.3656385,195.0948012,187.9581875,186.9329547,197.7157132,188.5664649,185.2889307,191.5799132,192.4900901,199.984459,206.2589562,213.9847903,214.4665918,233.3020271,235.6609022,245.4620828,243.1253151,249.9919308,255.1821602,258.0305073,262.7028131,266.2421489,273.2537959
Netherlands,0.91,10.951822,10.7551068,11.92466582,12.39699835,11.89812782,11.25011577,12.37482447,11.89030973,12.2574351,13.4104253,12.59858612,11.64329051,9.43281338,9.66188403,10.087277,10.23565607,9.983966399,10.43871259,9.99199582,11.02351177,10.97706271,10.94178377,10.61564518,10.88844353,10.821853,10.76569556,11.540091,10.98180249,10.73193758,10.33325955,10.42363724,10.48417167,10.74091351,10.84569481,10.90208575,10.56163794,10.20794675,10.4448877,10.53302813,10.24409211,10.95895573,12759.17567,13154.39029,13348.4483,14004.21649,14486.25445,14375.36205,14945.81912,15142.65945,15400.55054,15603.85386,15984.14637,15750.46568,15483.87483,15744.56424,16162.33112,16502.21441,16868.25522,17085.26786,17559.44573,18225.89395,18858.00124,19166.32186,19346.48928,19453.72947,19909.36695,20428.58654,21027.24752,21814.30431,22530.81727,23429.80294,24179.73141,24460.06539,24322.98355,24289.73919,24746.84398,25194.34122,26007.67914,26968.6177,27348.47436,26210.30536,26501.04582
Nigeria,0.459,0.375505984,0.54945001,0.688175703,0.803193279,0.98298571,0.727523748,0.82367765,0.731453969,0.677567815,0.957205203,0.902112924,0.849855578,0.823833988,0.734047034,0.831851932,0.81425748,0.83466309,0.65665219,0.762859972,0.446088936,0.465098684,0.452492734,0.633297318,0.57233814,0.434188237,0.317357624,0.358890735,0.348634637,0.340550825,0.370781853,0.640110522,0.657776064,0.755715044,0.699869981,0.711427662,0.74870905,0.687217309,0.647841963,0.614689662,0.464195492,0.49805211,345.0830918,384.8992407,388.2899816,399.0930205,432.1280419,398.3636999,421.9079057,433.9960196,396.6853107,411.0679581,416.340061,352.0789347,342.3438615,316.228174,293.5968613,314.0696989,313.8150144,303.6635208,325.2048244,339.8176736,358.5537404,366.4613075,368.1038996,367.2846662,359.0260513,359.4315487,366.2201056,367.4600805,365.7525573,361.20193,371.7680804,374.1686638,370.8107292,399.0619903,430.5797415,442.7179313,458.6349173,476.214166,492.2669892,513.5003377,540.6852114
Norway,0.943,7.223858635,6.961662942,7.478658818,7.705420732,6.948025222,7.402301925,7.255774495,7.716119608,8.021948842,8.175644405,8.574298334,8.107694661,7.990467217,7.294950833,7.997615682,8.39899564,8.071411337,8.395215497,7.959244783,8.832036458,7.393872665,7.511496782,6.906196381,7.470544605,6.747992373,8.006935383,7.565552654,7.735408358,8.215055042,9.18542013,8.640737403,9.102590715,8.251537816,9.349531076,9.300466284,9.178368631,9.478448647,9.547899315,10.52976879,9.737825236,11.71008946,14893.97936,15620.75384,16318.3802,16930.39991,17468.19256,18245.06453,19211.6165,19922.43342,20611.39113,21436.45188,22330.13757,22597.81785,22543.11642,23337.44563,24643.33056,25885.10626,26834.3448,27184.47301,26991.89658,27148.84541,27576.87467,28298.09714,29126.48798,29760.45012,31086.28675,32219.95618,33691.88676,35316.75083,36048.93156,36528.21443,37472.67167,38025.499,38389.08411,38539.90181,39830.41204,40584.24403,41245.80863,41904.21021,41399.70903,40199.34622,39970.29253
Oman,0.705,0.320713003,2.76187461,2.655647635,2.577574371,2.727849604,8.07797665,8.805313431,8.522860101,7.38742205,6.916324299,5.118212105,4.814146887,4.339020669,5.398681416,5.49058507,5.629018193,6.150454531,5.671165486,6.114754124,5.601556526,6.094574303,6.045067338,5.945720563,6.367313051,7.012065169,7.12135834,6.686500821,6.831919313,7.317230889,9.164240504,9.669651287,8.899727138,11.05951375,13.8647792,11.76620965,12.30316676,15.89965551,17.40716316,15.57208046,14.84436097,20.55621545,4282.057639,4170.299973,4411.610277,3633.406382,3876.827306,4598.218289,5264.923927,5038.650222,4589.886491,4525.908109,4535.628011,5017.774502,5294.222108,5851.689168,6490.810471,7059.81007,6901.134369,6411.027999,6548.382335,7050.864758,6773.154517,6893.100152,7162.823979,7300.882532,7343.329187,7539.618642,7677.390598,8112.810302,8340.057326,8342.813461,8774.93385,9369.334408,9511.05587,9404.444312,9550.963194,9723.216887,10006.30307,10392.28594,11385.6398,11191.81101,11345.42955
Pakistan,0.504,0.34571738,0.31893092,0.301624681,0.310365232,0.32226884,0.339025656,0.323308939,0.334506931,0.347075685,0.362931231,0.398359284,0.413027659,0.43372624,0.451797454,0.464270907,0.494097401,0.500944081,0.524739475,0.55261532,0.561132294,0.612986992,0.593516623,0.616754059,0.644477034,0.683457607,0.663356999,0.722354388,0.705388957,0.70862487,0.710563786,0.736493581,0.733766163,0.758432009,0.776311968,0.844278696,0.861188616,0.904331996,0.966157423,0.935618056,0.925987577,0.929649496,291.1318585,284.5827678,279.0451104,290.4239648,292.0856028,295.3833393,301.1606918,303.2928885,317.263003,318.4889831,339.4258819,354.0501924,364.4733261,376.0340524,381.8105677,397.1574754,405.2521461,417.4409804,435.1088632,442.8610357,449.2745916,459.1833646,481.8264339,478.0631904,483.5766621,494.7209888,505.2459234,496.9950607,496.5318923,502.1246594,511.7025555,511.1109972,517.5966508,532.9973575,562.283992,594.766855,620.2956378,643.8585182,642.4275373,653.6111759,664.7112698
Paraguay,0.665,0.299831192,0.249309388,0.274329265,0.325555345,0.348663941,0.299652681,0.367552622,0.401868888,0.492144477,0.44015213,0.479742713,0.439418674,0.414792813,0.41738038,0.4297184,0.434234203,0.459560152,0.504900576,0.560439484,0.566824989,0.533083875,0.51282275,0.58718832,0.645155979,0.746587213,0.826562038,0.764706482,0.83648244,0.878731993,0.860335861,0.69030406,0.700535755,0.700425964,0.717085342,0.706488543,0.649675518,0.66332734,0.675894854,0.698581746,0.712300577,0.786215652,776.2301912,798.5748075,829.7939995,868.5250275,917.7407795,952.1043261,993.7703233,1074.74443,1165.951729,1263.936796,1411.486717,1488.68149,1391.885756,1310.305714,1311.282454,1324.274097,1286.921191,1305.470527,1350.705039,1391.025628,1396.742875,1394.924917,1406.982974,1426.760892,1445.128954,1488.949911,1461.484586,1472.343823,1449.257221,1397.892359,1323.481934,1323.463415,1243.338276,1244.504616,1263.919877,1331.107082,1352.975654,1450.184566,1483.739071,1406.361701,1578.636338
Peru,0.725,1.348531728,1.372595524,1.303403726,1.378291092,1.449543588,1.45031017,1.441991738,1.459782183,1.367842721,1.321535287,1.395243115,1.360100275,1.303872014,1.100287176,1.087819658,1.002580783,1.097577537,1.266818398,1.207120261,1.028006735,0.976119091,0.922879487,0.90393376,1.024999135,0.992471982,1.00225948,1.004646124,1.110968953,1.108663924,1.15215749,1.171376242,1.035625397,1.022777716,0.979999437,1.170715367,1.347387227,1.258170522,1.533913715,1.450134438,1.64613477,1.980086195,2075.557615,2102.927864,2103.966715,2156.477435,2291.862952,2305.761974,2287.834789,2235.884108,2183.31242,2250.404916,2261.396653,2364.52631,2294.36208,1976.501875,2031.675842,2041.393821,2195.472871,2319.072806,2071.753629,1790.976433,1664.248311,1666.742865,1627.86557,1673.751133,1854.116253,1978.016368,1992.578021,2093.207824,2045.292819,2031.631231,2060.576257,2036.157948,2110.139623,2167.734164,2248.410429,2374.297077,2529.840728,2725.815245,2961.787982,2955.186222,3180.374608
Rwanda,0.429,0.015649987,0.01612138,0.016545936,0.016923984,0.017255466,0.040094596,0.059008665,0.057083992,0.059752843,0.059266071,0.095579644,0.112543293,0.110615763,0.122890054,0.108261496,0.101300678,0.094028483,0.092324423,0.100101553,0.096750303,0.095927471,0.091784172,0.098873524,0.107222347,0.109708409,0.109930106,0.108663877,0.103635176,0.09240437,0.088489028,0.084667516,0.081510694,0.079266717,0.076993775,0.076510514,0.057380533,0.055923874,0.057394733,0.05424447,0.055828854,0.055911118,215.6267917,211.5782625,205.6257785,206.1048569,202.4491465,191.8603381,221.8799548,218.9231597,231.1313212,250.1276561,263.6974325,269.4882128,266.4200982,274.0605567,253.9171006,255.4341924,257.7422032,245.480292,245.9279731,240.1355771,234.8794625,236.9162772,267.0978606,264.643566,139.5009777,191.2838223,206.9830518,217.168742,214.4013989,211.226038,214.2336989,222.9332294,246.0861869,245.1063996,257.7160008,275.1117623,291.0580268,304.5930038,328.6537842,338.7726933,352.5356203
Saudi Arabia,0.77,7.846189936,9.919794034,11.14488349,14.36420774,14.18002342,11.34551038,13.0918073,14.40952811,13.25583876,14.98568391,17.28199072,16.80664247,14.20719353,13.60476229,12.4142973,13.05835187,14.7783282,13.17884715,13.46135743,13.05871151,13.50316734,16.06163511,16.60989126,17.7485654,17.05433981,12.77494665,13.77200585,11.36763421,10.78389426,11.56543017,14.81188552,14.36964959,15.20645942,14.65197595,17.05015534,16.53858332,17.447964,15.42881971,15.9822462,16.07615522,16.92060908,7636.048495,8768.687017,10344.0338,12383.01899,15008.80958,14979.49479,15989.03212,16181.5841,15130.62097,15657.48821,15683.72114,15413.93962,12858.75783,11094.09123,10146.83402,9209.91883,9230.666401,8491.076076,8837.331562,8528.480825,8930.375515,9433.180403,9571.616719,9308.412327,9143.708768,8976.836874,9135.052288,9256.511554,9402.229599,9178.24827,9400.811686,9161.461813,8839.186316,9144.945194,9261.921934,9439.858537,9440.180027,9364.488672,9513.377173,9294.355996,9499.37889
Seychelles,0.773,0.567826194,0.624515055,0.813504169,0.861077491,0.971645614,1.015152302,1.369413416,1.406540134,1.263289146,1.954860494,1.517877519,1.554721485,1.307392192,1.515847497,1.497572118,2.246664873,2.435891758,2.940947714,2.8525738,3.341211759,1.600240271,1.991643454,2.274324939,2.201450956,2.526480761,2.550554032,2.622724985,5.434948952,5.714359927,6.597266847,7.17629366,8.057697298,6.729497354,6.825046943,9.007918739,8.342014616,8.830519668,7.680690399,8.27022563,8.774885086,8.137035068,2647.173963,2997.725084,3116.777669,3326.796025,3302.000923,3342.100523,3815.440632,3519.059358,4197.804155,4793.067063,4531.964848,4113.189137,4026.872305,3923.040873,4067.235286,4486.337327,4446.920001,4610.494052,4824.361303,5322.881005,5645.415813,5739.351472,6072.95358,6355.749608,6201.512969,6037.65184,6242.293166,6907.435651,7342.877917,7334.842047,7578.851053,7400.246821,7266.462762,6913.010246,6740.379744,7208.968268,7721.541646,8419.715827,8151.71295,8162.196585,8787.766431
Spain,0.878,3.459985409,3.766081583,4.196813607,4.445121365,4.898274162,5.082135266,5.492821097,5.359871426,5.438430403,5.477095848,5.73362207,5.489488321,5.525648675,5.365757474,5.188722823,5.229620872,4.935691725,4.935244711,5.136520329,5.839380077,5.627403916,5.793787606,5.987668069,5.596145622,5.939618144,6.130604687,5.905986144,6.365923957,6.582258254,7.068002606,7.30749422,7.304999803,7.602854664,7.637238997,7.942453804,8.144403925,7.951434228,8.030690436,7.293088758,6.315138402,5.852169145,6830.718983,7069.462901,7576.684321,8093.053159,8465.777938,8421.513042,8600.806694,8740.224852,8747.250467,8673.583497,8808.824382,8726.872252,8788.552138,8901.977077,9023.888526,9199.6673,9470.171079,9970.859876,10455.79391,10939.13075,11335.55259,11597.70261,11666.91038,11510.72335,11753.38552,12049.25856,12311.9921,12754.63169,13278.0036,13836.7026,14413.78887,14774.89486,14957.32291,15165.92735,15408.16294,15700.52761,16074.46178,16351.11108,16251.83693,15523.00304,15418.82018
Sri Lanka,0.691,0.286508919,0.248118874,0.263555482,0.269673771,0.210656914,0.204697144,0.19315116,0.198106332,0.230798235,0.252556262,0.220251305,0.259479968,0.284010194,0.304682713,0.23533062,0.237727075,0.215684057,0.237553758,0.199829284,0.198290277,0.217626438,0.231585117,0.285009389,0.273481879,0.29897275,0.318001077,0.379049841,0.407291187,0.419356753,0.458675419,0.542026557,0.54142153,0.575273236,0.55028812,0.610095096,0.58670256,0.585034346,0.614418971,0.580791088,0.620715977,0.609237667,338.4317237,338.0995754,332.2348201,349.4328274,357.5993993,373.5452959,379.784383,392.7139875,407.6658505,425.3184829,441.7877954,463.8223878,471.9380453,487.5662179,506.3194359,523.6118949,536.7616457,537.8201946,543.6152007,548.6445742,577.2392264,594.9802981,615.4917881,649.7576523,676.747999,704.3240993,723.114065,759.818766,786.3702892,808.4815709,854.9267252,855.3725803,883.4571769,923.6354395,960.7985946,1009.908869,1075.625538,1138.366839,1195.481085,1223.68571,1308.784019
Sudan,0.408,0.413353439,0.412527149,0.43252376,0.423471407,0.430157888,0.311046951,0.267101237,0.262441438,0.22981102,0.231114485,0.234729491,0.220598401,0.224255861,0.221556193,0.192611517,0.217540059,0.221157,0.170335807,0.24090209,0.182606559,0.263773873,0.2493312,0.214559896,0.12779211,0.190250053,0.191940592,0.173487613,0.214701915,0.181422022,0.191887235,0.203470696,0.228763606,0.284958808,0.311233555,0.381532112,0.350443336,0.367321241,0.390491087,0.382117945,0.4190638,0.415146789,261.9359088,260.4032822,240.1000226,234.4831652,253.4587033,284.3564176,321.5971998,331.1261096,301.8373457,277.6589799,272.8540086,283.5455547,290.5022569,286.8792395,264.1676646,240.6068133,247.1710056,275.7309664,268.7166547,286.1745832,264.2046927,277.0864677,287.8300081,293.1974923,288.4693885,297.9165421,307.5115244,331.3842576,337.0008382,338.9298898,358.529201,371.776718,382.8049443,400.8953331,411.7305382,427.4534422,464.1288726,498.5701577,519.2826583,536.5690248,549.8570037
Swaziland,0.522,0.822611342,0.871472046,0.807505852,0.761125726,0.621457774,0.652451982,0.625779098,0.619899689,0.775283948,0.764245171,0.771757115,0.702238903,0.682428737,0.41200754,0.490440333,0.623580999,0.623646404,0.568453975,0.544368757,0.523185219,0.492884654,0.367713203,0.290698315,0.142483971,0.512492535,0.471846112,0.346322281,1.194515294,1.179797053,1.182373664,1.116717677,1.064103888,1.039610803,0.956471368,0.940525386,0.922549579,0.908789398,0.938505529,0.949860795,0.875597533,0.862522512,576.7520745,637.6003458,652.7917062,690.7139177,708.6136181,782.948947,743.1027045,727.562416,714.5573226,714.3619478,779.2524422,867.5226182,852.9351478,838.0495828,861.2101876,861.8697088,928.9680065,1019.366332,1040.309121,1128.915247,1320.353166,1306.473863,1317.897084,1332.046558,1338.050169,1374.690879,1397.002261,1408.600952,1443.390551,1484.03862,1508.18366,1523.650799,1548.700189,1581.320379,1625.155965,1663.010501,1715.684609,1773.456589,1794.779059,1795.97974,1811.07776
Sweden,0.904,11.48483349,10.46172329,10.44281399,10.72642506,9.779711036,9.864671265,10.74356813,10.40421917,9.613243235,10.23798122,8.634051492,8.345047107,7.483641437,7.001548542,6.879306992,7.471305938,7.404744164,7.097416685,6.792162125,6.528288151,5.973285987,6.176551063,6.363158109,5.953842672,6.204150425,5.748230032,6.521109372,5.854949148,5.983782634,5.77265274,5.619504163,5.759176144,6.450358359,6.130266398,6.072200103,5.709937986,5.452381206,5.245428615,5.315688399,4.697578126,5.598303369,16570.99947,16612.83045,16942.91432,17584.86983,18094.6877,18483.04552,18610.80738,18248.80351,18514.4575,19183.50474,19470.05511,19407.38509,19627.70865,19973.87646,20808.10527,21228.6428,21785.289,22463.3491,22956.56184,23437.66378,23492.2496,23071.03438,22660.07708,22065.24441,22788.10617,23561.66995,23903.46322,24536.81457,25554.38629,26724.34561,27869.3776,28145.51174,28750.76384,29313.02109,30434.4529,31271.10358,32431.9404,33259.26285,32798.73425,30885.45914,32631.19271
Thailand,0.682,0.41647482,0.506422991,0.558303235,0.607990522,0.586746461,0.575611861,0.662229648,0.722886039,0.770739159,0.790080974,0.844799927,0.785082675,0.766904118,0.842507184,0.895132709,0.929968343,0.931725192,1.047289878,1.209981883,1.401522688,1.679011937,1.823310178,1.978109344,2.228078704,2.460084721,2.809218647,3.10246467,3.168676259,2.774066454,2.928990862,2.982158924,3.163028885,3.340746828,3.55172122,3.819561062,3.840357209,3.882308397,3.867183746,3.835101888,4.025289042,4.271486171,520.2359482,530.0656291,537.1257574,575.7697319,585.4724148,598.9244741,638.898629,685.5305147,739.3134383,762.3074121,785.0234224,814.6210627,841.513292,871.6225587,904.4130074,928.6739695,961.4872544,1033.08454,1149.183997,1268.328818,1390.520211,1492.798578,1599.211652,1718.026934,1858.003963,2011.825398,2109.05461,2057.066906,1819.176177,1877.305197,1943.237928,1962.241437,2042.798299,2164.301418,2277.562345,2359.644614,2458.517431,2562.72216,2608.24726,2531.233735,2712.508016
Togo,0.435,0.131122653,0.145627967,0.17962127,0.177023414,0.162160313,0.130971697,0.13277808,0.186268466,0.140373256,0.532708727,0.269474299,0.227904612,0.257643975,0.185243015,0.199204991,0.173977573,0.216620032,0.22722587,0.227850461,0.233902748,0.211066639,0.225023903,0.21869983,0.222022094,0.208981746,0.233346029,0.25177777,0.226777233,0.25910115,0.3303407,0.283021912,0.235952056,0.243916008,0.282964931,0.264169418,0.247470866,0.220799333,0.232863496,0.251983337,0.254722001,0.255483014,295.0814149,285.8062537,299.3439316,303.5507966,311.3135961,312.1196635,299.3670535,313.7232935,341.0290065,315.7789891,352.041067,329.9493808,307.4939782,280.6913417,285.9872459,291.7679809,286.8223185,279.2499462,288.9399264,292.4124014,284.4284097,276.2396666,260.0503342,216.5494299,243.6614205,256.1737988,270.6453677,299.5493397,282.8515266,280.4858181,270.0008761,258.4568888,249.7475313,256.0710824,255.6614294,252.9503503,257.4007154,257.57179,258.0385955,261.0540398,265.9220492
Zambia,0.43,0.910722827,0.886060931,0.918721363,1.002425269,0.886882955,0.832813803,0.794707948,0.715051682,0.642569925,0.64487787,0.611411103,0.56405426,0.570913267,0.513566004,0.428820358,0.405833609,0.412861758,0.374569784,0.422825376,0.340418484,0.311151422,0.29949699,0.296967937,0.294943117,0.27839775,0.243363123,0.204105445,0.25383693,0.238964347,0.18176428,0.178273353,0.182459196,0.184131046,0.192078064,0.190337117,0.198330217,0.189416747,0.137172459,0.148981514,0.169446954,0.185454433,579.2675398,559.8288922,591.0475503,565.7433772,581.9826512,549.9357843,565.0341936,521.7859227,507.7980825,476.6148082,475.2673786,488.3178931,459.3381161,435.951991,420.8147785,414.3898887,404.6802627,403.0568868,415.849249,399.9839533,387.292805,377.1755805,361.4832347,376.6755744,335.7071901,317.9384211,331.0225109,332.6409262,317.5586907,316.0358938,318.9268222,326.5887929,329.7351753,338.8847613,349.0854725,359.0712373,372.0836755,385.1228226,396.3443844,410.3162672,434.6598042
Australia,0.929,11.5965694,11.761816,11.89647069,12.69109603,12.58853754,12.6617602,12.38477924,13.19730487,14.04748104,14.10561127,15.0052502,15.45739017,15.49329031,14.67332429,15.19620007,15.25465833,14.93437026,15.68143786,15.7339212,16.47985298,16.80526217,16.25256229,16.79626842,17.04080191,16.95865899,16.9664942,17.97142596,18.00758857,18.51527047,17.1783559,17.19727773,16.7592018,17.39286776,17.46183995,17.34623728,17.7739756,17.89312837,17.85990598,18.01631327,18.03726854,16.75230078,12708.91935,12777.83407,13034.08135,13176.58538,13375.9812,13375.55956,13590.0944,13918.04043,13879.18525,14297.38143,14555.9477,14814.07307,15040.84822,14510.1437,15027.66949,15574.44144,16024.03402,16195.46821,16832.69865,17199.91102,17553.37684,17270.3287,17137.5585,17669.3199,18191.16457,18690.43658,19183.14039,19709.6605,20387.77284,21154.75805,21708.03726,21824.08607,22402.99102,22825.57102,23498.26199,23929.1644,24295.08138,24765.5489,25190.72063,25007.69776,25190.83986
Benin,0.427,0.099081432,0.100846434,0.130797478,0.125521589,0.130944839,0.139424432,0.079858859,0.0888791,0.10591508,0.104257981,0.14319037,0.115674736,0.131800149,0.11791908,0.127451307,0.179783017,0.162885513,0.123299485,0.124826389,0.138672955,0.149796664,0.167947656,0.177291949,0.214154942,0.231125497,0.234878821,0.217279845,0.203292323,0.197193216,0.246781882,0.248089466,0.258579506,0.295955286,0.323936884,0.339506861,0.314131037,0.49235403,0.554571281,0.537539184,0.552870643,0.586259508,291.9012234,281.6793946,293.4453711,297.6620209,300.6556092,279.2924444,275.0389848,281.6863844,278.0933754,288.7172336,300.2998987,321.458628,319.7920397,297.564224,312.4100267,326.807709,324.9290704,311.4928319,313.3009231,295.6137468,295.7832851,299.6481808,301.0323793,300.8931358,303.5689319,307.5482248,315.0836292,325.1775008,330.7403465,336.7146807,345.9503552,352.2484617,356.6052314,358.774753,358.2463984,357.2500703,360.6554107,366.0449665,373.5066867,376.6216226,377.0443007
Bolivia,0.663,0.589578454,0.708790671,0.806896442,0.762356227,0.756616938,0.852490389,0.938980612,0.896999476,0.982935212,0.905172655,0.872029282,0.875947987,0.778041876,0.751499715,0.692984767,0.692428824,0.620320257,0.64748964,0.677041509,0.76731408,0.826567256,0.848078581,0.953184189,1.125960162,1.219339114,1.261334217,1.143549655,1.261008895,1.295323842,1.266853115,1.230571986,1.158822368,1.106361814,1.602519203,1.456394027,1.347341369,1.601935245,1.347951326,1.43182915,1.474028782,1.556418431,927.0982228,950.8161381,1001.882651,1033.808585,1038.564964,1087.833428,1110.981636,1138.685796,1134.997316,1110.593247,1071.001324,1050.716165,987.9825055,928.2277924,906.9457718,872.8099104,832.053422,834.0204578,839.410684,851.8226269,871.2260773,896.1970646,890.0104186,906.681968,927.4283664,949.1547026,968.9310379,995.2108349,1023.377496,1006.586485,1010.907367,1007.37931,1012.126212,1019.610271,1042.414432,1069.018333,1101.038461,1132.21388,1182.464638,1202.780485,1232.688733
Brazil,0.718,0.975797824,1.042472414,1.134125212,1.282912896,1.357039172,1.396648509,1.400122657,1.436386109,1.523261646,1.58378357,1.537018062,1.378865308,1.350126977,1.277159639,1.265490911,1.330177158,1.430177161,1.46349809,1.449049079,1.454938642,1.395708069,1.44144039,1.427627544,1.46967197,1.519035072,1.596088561,1.732704312,1.800931853,1.843227636,1.861992226,1.880196477,1.907555762,1.853076585,1.770560438,1.837108443,1.867213313,1.849542335,1.913505573,2.023772836,1.899717681,2.152980753,1988.921524,2160.353035,2363.511202,2630.91785,2802.016266,2879.313472,3087.582868,3154.720552,3181.061433,3317.535959,3536.04587,3302.639357,3245.573152,3064.153633,3154.965632,3333.999635,3527.761242,3584.074016,3513.999487,3564.636189,3352.965403,3347.811473,3279.686396,3380.128392,3506.544107,3606.005917,3627.626996,3693.27582,3639.181673,3594.86982,3696.146772,3692.840177,3739.919389,3733.992419,3899.255355,3976.619168,4090.555803,4297.823854,4478.809189,4424.758692,4716.614125
Burundi,0.316,0.017741099,0.020658068,0.02050028,0.020357907,0.025222758,0.020921633,0.023513996,0.025922236,0.026256627,0.027402789,0.035512536,0.037034401,0.035869529,0.045203043,0.046857711,0.047623004,0.048320744,0.051809096,0.048235568,0.054992492,0.054328551,0.060213987,0.054669429,0.056854319,0.056671564,0.054818518,0.05374367,0.051012487,0.048311391,0.046681908,0.04716823,0.033283828,0.033052532,0.024127167,0.028126862,0.021237208,0.025018854,0.024736908,0.031388801,0.021988728,0.036741685,149.15308,151.6801577,140.8822549,149.5418861,147.1445375,146.3148368,155.3174989,169.6562102,164.1488202,162.5554908,159.5632026,173.6195409,166.386831,166.9876384,161.8115391,175.0783178,175.0800362,179.0586489,182.5993009,180.1112844,181.9453709,186.9548432,185.2494132,170.8145217,161.983591,147.4483698,134.4704068,131.4495757,136.7637062,134.0865171,131.0463341,131.1620296,133.7748047,128.6077932,130.9790183,128.2961159,131.1716587,133.286878,135.862446,136.6612801,138.2482379
Cameroon,0.482,0.093250819,0.115397184,0.119505432,0.121269293,0.128054343,0.148296033,0.135350309,0.188166728,0.233376173,0.206920743,0.428662681,0.569599237,0.657234539,0.663556107,0.592809145,0.615592984,0.185145543,0.166269365,0.192365081,0.645326969,0.142683345,0.088667878,0.294585541,0.294461917,0.280874506,0.313000563,0.322076971,0.219770837,0.214228799,0.200991239,0.218901717,0.213282799,0.208271309,0.22611674,0.230484812,0.210555232,0.213278123,0.317910609,0.295541639,0.348022091,0.369119563,454.3443481,458.0784442,458.0538316,469.7204383,505.8821893,546.8745512,501.7814246,553.7315707,655.2676465,674.0747579,641.4318341,729.4355953,762.1234023,791.6323343,826.8077331,867.9212259,899.8275579,854.8123204,764.9579675,729.3669958,665.4106421,622.2354314,586.4431124,552.4920757,524.6822672,528.3640454,541.3029119,555.517306,570.0967274,581.6360839,592.3720003,605.161077,615.2922429,625.7819278,634.5093706,634.7228138,640.7628163,647.9445442,650.0360972,648.4856617,653.0286932
Canada,0.908,15.72302558,15.99096401,17.05605798,16.87339602,17.04511867,17.1593927,17.0515943,16.80246211,16.92509634,17.63385691,17.47853749,16.79719566,15.99971677,15.71734354,15.923864,15.54871362,14.78760134,15.50451762,16.11905076,16.1114233,16.24627409,16.00659734,16.47303828,16.64813358,15.66582206,15.68996052,15.81493777,16.18712728,17.17383324,16.96193179,17.42683142,16.97414433,16.59485318,17.49953067,17.28981435,17.43992599,16.86231777,17.0041237,16.35039863,15.26009889,14.6720161,12986.31241,13320.19496,13823.29238,14537.58953,14806.31259,14793.71474,15358.40595,15703.90339,16161.76834,16610.16721,16751.33878,17124.39055,16435.46551,16713.69949,17516.23999,18183.73352,18437.71141,18971.40746,19659.67026,19817.99342,19561.87934,18893.80497,18826.65615,19057.23091,19781.71278,20169.53897,20276.45211,20911.11206,21580.31775,22586.44127,23559.50369,23738.89538,24214.92928,24425.87539,24936.82539,25437.65134,25943.73602,26229.74308,26101.76407,25069.86915,25575.21698
Chile,0.805,2.574974117,2.777929014,2.839963261,2.738881127,2.529493019,2.208682699,2.279788002,2.155585498,2.111500787,2.256121522,2.259929055,2.163468783,1.78828056,1.778801471,1.864095372,1.775909288,1.807023817,1.810937516,2.114463875,2.499519917,2.588777428,2.396151007,2.435352996,2.546510173,2.743231164,2.946175381,3.315865808,3.784761198,3.837292707,3.996811795,3.80605394,3.380649654,3.507076675,3.450754865,3.721850285,3.786388427,3.909644149,4.277455271,4.240259136,3.966877602,4.221864198,2201.351475,2356.71427,2296.669104,2146.52576,2164.774047,1889.540331,1925.67926,2064.235739,2188.198883,2345.43174,2500.267727,2579.571319,2277.388436,2156.144227,2290.183269,2412.896975,2505.825152,2626.629012,2771.190084,3011.177964,3067.65058,3252.58105,3585.435758,3766.798632,3912.849555,4258.237391,4504.721321,4734.56415,4822.819463,4984.1018,5144.589254,5254.015345,5306.721216,5455.926747,5723.690145,5979.068028,6190.109402,6410.806732,6581.357952,6451.631126,6781.696484
China,0.687,0.947122148,1.047967861,1.085901867,1.102640383,1.100777286,1.251860181,1.285083865,1.386847428,1.526796094,1.540667927,1.492171294,1.456222109,1.563582436,1.626078589,1.74427806,1.861076425,1.92661235,2.023534778,2.133840102,2.134473876,2.148559702,2.226313247,2.293794638,2.421521433,2.545073561,2.734777555,2.824139241,2.802597286,2.661320024,2.634231569,2.682866158,2.728882885,2.872547831,3.498358878,4.065723469,4.427592166,4.879028386,5.139069376,5.296193599,5.761825473,6.177530373,122.2901546,127.3050316,128.9349799,135.980158,136.2632825,145.5248126,140.9977374,149.6600682,164.9481542,175.1324228,186.4396607,193.638156,208.1708635,227.5496401,258.7202307,289.6759682,310.514347,341.0212935,373.4945008,382.8921553,391.6529529,421.8891748,475.9288697,536.3572647,599.8022805,657.9926002,716.2451166,774.884634,827.348598,882.5523218,949.1780621,1020.519994,1105.952557,1208.993961,1323.219929,1464.107627,1640.861518,1864.102702,2032.61498,2208.403948,2426.332466
Cuba,0.776,2.145588516,2.213831416,2.308099976,2.444836173,2.463661901,2.872748199,2.857810157,3.057951612,3.167025206,3.250791297,3.199852538,3.320427937,3.488035074,3.099828198,3.259514093,3.23508409,3.305199388,3.310000929,3.437289989,3.411910779,3.153859874,2.781114776,2.921140699,2.719413143,2.968055766,2.353559228,2.462035451,2.238235466,2.21566943,2.283471363,2.344764597,2.284555613,2.334435811,2.273667684,2.225462106,2.310595418,2.432699957,2.372385236,2.701777167,2.654620218,3.407420343,1777.655685,1896.658918,1954.092537,1988.121116,1977.820497,2137.222583,2228.530673,2400.243325,2538.689385,2549.208836,2411.278442,2871.369852,3113.776327,3267.936615,3508.543959,3540.635229,3514.023155,3395.643155,3484.169287,3471.960651,3338.785084,2958.327672,2597.942928,2198.382677,2202.477482,2245.634868,2410.957384,2468.389784,2463.462212,2607.246434,2752.552094,2831.003538,2862.38565,2962.269179,3125.704815,3469.885203,3884.798515,4165.600383,4337.776952,4402.307554,4495.054646
Fiji,0.688,1.000214515,1.034552161,1.067214888,1.138085502,1.186715857,1.080986091,0.82373865,1.280855583,1.167293253,1.350860738,1.252432589,1.661531025,1.256498852,1.043093626,0.832341091,0.814009964,0.841990996,0.660535237,0.766052395,0.870600751,1.122567123,0.917586747,0.970361653,1.010179947,1.067833317,1.120349229,1.140119594,0.929188756,0.879247145,0.995133389,1.066051675,1.368058453,1.024088121,1.054234126,1.383222114,1.658251809,1.642823386,1.439858951,1.277779556,0.993754715,1.499688791,1382.425191,1446.874725,1523.047912,1665.25019,1674.483756,1650.642614,1664.258252,1730.898079,1731.06766,1904.582607,1833.577106,1902.596845,1742.666086,1631.653204,1730.791377,1624.800944,1734.075224,1612.404878,1625.302029,1742.222474,1833.184364,1767.017449,1851.800992,1864.729274,1932.331798,1955.293857,2025.48405,1959.814597,1966.646406,2123.15951,2074.747318,2108.289279,2171.607378,2190.631908,2301.770481,2308.158256,2335.321253,2295.4383,2296.09836,2243.819037,2218.146955
Gabon,0.674,3.933077255,5.271791223,4.963656034,9.396205793,9.398938001,9.015530292,9.339220308,10.05660624,11.71905677,10.18108585,9.716673918,9.352849933,9.052935369,7.393027734,7.789406667,7.958663492,6.067355996,4.761425626,4.972036596,6.414452784,5.213603087,1.539827982,2.14905374,3.206221078,3.174491912,3.547537524,3.160990209,3.08744102,1.385191272,1.190967429,0.851902763,1.410742065,1.377984686,1.013042031,1.314812872,1.522061132,1.414503757,1.638058016,1.079539317,0.054596211,1.709773007,3253.236424,3519.175744,3832.348113,4120.788926,5602.709201,6506.099549,8594.751908,7315.264764,5406.896618,5283.284365,5265.343122,5373.963444,5054.612033,5179.043572,5400.012659,5113.415634,4917.137281,3949.078687,4318.828219,4541.664387,4626.781529,4753.106746,4459.123397,4489.095839,4513.865843,4600.584294,4635.670938,4772.778502,4814.998402,4279.795895,4102.624602,4097.561424,3999.953933,4015.10733,3988.362889,4029.265266,3999.642216,4143.33458,4161.431603,4027.567353,4213.881563
Ghana,0.541,0.302394422,0.257575848,0.26436668,0.262302435,0.303027302,0.276773819,0.240602582,0.291816543,0.283901441,0.249273076,0.234313078,0.27094061,0.261798285,0.303635298,0.207131724,0.258365111,0.229755415,0.240883032,0.246259753,0.232341313,0.265703806,0.265792454,0.261606202,0.289590477,0.306314975,0.319273888,0.330288464,0.358139296,0.350197496,0.349902759,0.328107099,0.352430043,0.369686116,0.370208698,0.347918133,0.321429252,0.418918978,0.421678557,0.366600849,0.312424771,0.368894117,293.9963513,301.3660271,285.6461311,285.5432776,297.0348396,254.067206,240.3416727,241.7066401,257.9161617,246.6444817,241.9462395,226.7589089,204.1828801,188.1486653,197.4867748,200.9364455,205.1677706,209.0656817,214.965181,219.9076008,221.0716696,226.2823318,228.4587968,232.8512761,234.0064503,237.2935875,242.0582959,246.197848,251.7652913,256.7399526,259.9906944,263.9615458,269.2285553,276.4051992,284.8491549,294.4080169,305.7511071,317.7363633,336.3518402,341.5522907,360.3240584
Hungary,0.816,6.785634193,6.690408873,6.679466031,7.002123006,7.072619391,7.165516852,7.571624358,7.83835927,8.274672366,8.068287598,8.118152761,8.101560621,8.144658181,8.38694996,8.582988949,8.166655664,7.953200494,8.068188851,7.503547816,7.315919682,6.066633771,6.122063632,5.66998899,5.808821379,5.614639581,5.812634225,6.078408883,6.005209687,5.920257175,5.895722575,5.605283557,5.598287019,5.52096592,5.828235983,5.672051192,5.741221451,5.686384665,5.561755826,5.453231724,4.866039934,5.066085583,2407.414043,2549.367584,2696.8277,2873.632814,3029.624936,3198.595902,3295.563753,3529.59064,3672.204454,3764.543507,3769.618011,3877.420533,3989.93294,4024.821175,4140.078767,4137.117969,4207.792111,4385.612264,4389.472796,4470.213772,4358.704324,3840.58311,3724.358018,3707.126709,3821.609021,3883.936315,3896.872814,4026.839407,4200.633731,4347.253839,4542.72072,4722.17501,4949.033726,5154.335096,5413.572662,5639.394595,5868.3017,5884.140962,5947.158309,5551.426337,5633.99099
India,0.547,0.352291988,0.363275029,0.375651318,0.377949339,0.381779392,0.405368929,0.414073363,0.483922042,0.47611623,0.485350271,0.497886422,0.523086995,0.543384535,0.576349783,0.582768945,0.62514475,0.655586912,0.6849349,0.723699697,0.774663982,0.79025578,0.82719615,0.860997141,0.87718252,0.913860302,0.953837431,1.019927418,1.043262704,1.05237575,1.104247446,1.125872915,1.123541704,1.126744136,1.159068258,1.200723575,1.237672175,1.300067332,1.372484618,1.520849421,1.641149581,1.640222788,216.2357161,214.8322477,208.773044,210.6915649,208.2487865,222.0089305,220.4232043,230.8738185,238.3482577,220.5985478,230.0085355,238.2305665,240.9096787,252.6516943,256.45344,263.9605205,270.5132774,275.1513877,295.1969968,306.1717288,316.4285779,313.2745132,323.8575014,332.6056849,347.951035,367.2771625,387.7415214,396.1844388,413.2870519,440.5693093,450.4151061,464.9742607,475.4570581,505.2489363,536.60488,577.6567293,621.8994139,673.004691,689.2731963,735.6318542,794.801256
Indonesia,0.617,0.30262876,0.321105049,0.348061349,0.38484086,0.391678019,0.402358555,0.449879166,0.585882493,0.652138247,0.645083393,0.628404538,0.649172289,0.66809949,0.650853596,0.68105417,0.721123232,0.70990845,0.705860183,0.742389242,0.722718169,0.811259174,0.958722905,1.063225402,1.129467863,1.126749882,1.127985372,1.252206928,1.358767943,1.011318263,1.14888234,1.234304899,1.363903298,1.400330656,1.427895896,1.503093722,1.504425379,1.500915597,1.615365416,1.75504422,1.908326328,1.809097873,233.0297053,243.0840361,255.712018,273.7744487,289.129702,299.5848317,309.9524087,328.8088491,350.7537988,367.0258703,390.0096519,412.341375,407.6896902,432.5769957,453.8597054,460.1105832,478.0198529,493.8647534,515.6944955,552.6368974,592.0960703,634.2710005,669.1430377,706.5088043,748.3235143,799.3099303,848.2471059,875.959217,750.8111959,746.7927777,773.3109699,791.0764547,816.0164079,844.1834857,875.7291576,914.5999046,953.9355312,1003.364434,1052.433389,1089.724014,1145.385435
Israel,0.888,5.817442431,5.532616968,5.581223235,6.155084628,6.001980253,5.887352172,5.720230478,5.660460222,5.889594373,5.723214865,5.645171553,5.558030255,6.198588578,6.05796932,5.910262589,6.089718081,6.41618088,6.494208235,7.001619744,7.242775225,7.451565933,7.391269258,8.631259001,9.053857456,9.123454507,10.17051698,9.913840082,11.25893932,10.88847895,10.54754576,10.42158323,10.72255377,10.11600724,10.25114086,9.765522382,9.120903923,9.765991137,9.597724453,10.00118814,9.230611591,9.523527086,9637.613753,10387.552,11510.28914,11423.28869,11846.87948,11963.66968,11853.48997,11590.1034,11895.4078,12322.42677,12856.71785,13252.0195,13240.70242,13458.49244,13403.80135,13623.54055,14057.12776,14826.0989,14877.61551,14754.48205,15282.68784,15498.20512,15814.39991,16255.31103,16937.80936,17568.40398,18054.29086,18202.49628,18523.47738,18663.73882,19859.30215,19353.34454,18858.29173,18800.92652,19366.33583,19967.98088,20715.56805,21469.53451,21941.10572,21602.21001,22239.05126
Japan,0.901,7.412508012,7.584418988,8.003161914,8.47138969,8.363487824,7.851355137,8.114729536,8.27026471,7.924098033,8.309268167,8.173985682,7.956604244,7.646846014,7.454467306,7.878295633,7.628214802,7.592030341,7.483208431,8.144227754,8.416909264,8.954798071,8.968201111,9.120739325,8.964271276,9.459647302,9.50975425,9.658303371,9.605144835,9.247590692,9.542878595,9.699930931,9.54899042,9.652170607,9.805642598,9.972653819,9.795391138,9.735434475,9.888296731,9.536605686,8.696445457,9.251199185,16650.83844,17210.26629,18398.72118,19712.75463,19103.05411,19380.83543,20002.7279,20680.65741,21574.81726,22567.07906,23021.72563,23806.76747,24444.20174,25021.26962,25972.89455,27449.51885,28055.1738,29064.22236,31008.77531,32540.50169,34236.71426,35265.24153,35465.92544,35439.01601,35623.48851,36177.03484,37026.22945,37518.58086,36674.24535,36531.78124,37291.70616,37342.14473,37363.28744,37911.68993,38793.6216,39295.3062,39965.85551,40837.26664,40433.00131,38242.02429,39971.78745
Luxembourg,0.867,40.52765854,38.53339561,38.90755131,40.31769249,40.51907152,32.99383026,32.77516178,30.12848263,32.59730076,33.31629316,30.27715076,25.8695682,24.29767949,22.71965331,24.42438335,24.99663682,24.44995074,23.34643992,23.8896039,25.60323208,26.23822327,27.50796058,27.03239862,27.22843294,25.359794,20.40626028,20.40994056,18.92986451,17.29787528,17.84589187,18.91887548,20.02234311,21.26074214,22.18861555,24.98994577,25.24659319,24.39005182,22.84565937,22.16807969,20.59399388,21.33749008,17466.69322,17762.36885,18706.07015,20038.46,20612.02061,19048.2948,19434.61321,19705.44245,20471.66642,20902.82908,21003.69501,20826.49357,21044.81661,21668.11224,22985.0677,23581.12705,25819.34721,26666.08424,28713.8011,31222.04114,32473.98605,34811.59628,34977.32639,35960.6155,36829.65055,36836.02214,36888.60393,38592.16632,40589.27007,43416.66048,46453.24578,47059.30298,48473.59546,48685.68121,50096.42191,51927.36096,53628.23455,56285.27685,54881.98403,51678.20312,52222.57667
Malta,0.832,2.185939938,2.175790702,2.770052641,2.660132853,2.447796599,2.181555072,2.469871454,2.568605436,2.948317725,2.813284668,3.131226872,3.451959228,3.906211253,2.92840672,3.95426504,3.43420167,4.205976735,5.200858151,5.587693196,5.966451537,5.926143599,5.587038358,5.438492312,7.032445145,6.36119039,5.501289958,5.773951882,6.443609477,5.452063778,5.935833972,5.194336806,6.218949033,5.715436402,6.37701639,6.321481987,6.593451341,6.261494001,6.602715733,6.182771022,6.013679495,6.215062283,2074.143532,2124.691745,2250.59689,2345.849174,2583.031438,3065.677837,3569.158575,3988.430499,4387.67494,4799.084826,5083.817093,5213.701291,5219.636331,5115.065266,5162.190472,5203.428664,5316.020449,5496.555813,5910.323351,6331.806858,6664.644459,7011.202376,7268.309759,7522.272236,7877.446011,8320.717842,8582.794968,8972.622255,9375.555737,9770.355503,10377.03732,9912.989689,10116.00482,10062.9613,9945.301724,10244.27105,10405.84596,10781.04969,11172.28154,10822.30802,11062.23272
Mexico,0.77,2.199080936,2.363829973,2.40458325,2.541404515,2.649821411,2.730733464,2.97117254,3.026048894,3.400916548,3.58664437,3.902927318,4.045940417,4.245928952,3.802303317,3.717522616,3.786995954,3.788630408,3.87265278,3.790136784,4.37716836,3.729095063,3.797725471,3.752618578,3.70671568,3.836662183,3.554776503,3.630828617,3.754669076,3.849167281,3.875742211,3.816378713,3.89584638,3.811742861,3.903615383,3.904951024,4.0851864,4.096585267,4.173230094,4.261171866,3.98271221,3.911318575,3488.715018,3513.3859,3689.330523,3860.864482,3963.775782,4070.898015,4131.04749,4153.553173,4405.422665,4710.968323,5024.444802,5345.375348,5203.014887,4887.022553,4965.133903,4993.468346,4709.208893,4698.824757,4660.371782,4758.729024,4902.644991,5013.476791,5100.450456,5107.364167,5242.02183,4831.8194,4994.343301,5244.289724,5413.091187,5536.469198,5816.614481,5728.967655,5702.903705,5709.419562,5868.919741,5982.653839,6211.927234,6333.082389,6327.013175,5875.619997,6124.709571
Morocco,0.582,0.476355479,0.522234516,0.499915359,0.584459619,0.659163134,0.642011165,0.651355423,0.699483155,0.702791618,0.836636222,0.814776504,0.789252375,0.826701402,0.839719753,0.819080508,0.801397439,0.827380551,0.862180764,0.888677593,0.942662082,0.949917286,0.989528297,1.013909687,1.080712671,1.117407391,1.127834347,1.14158677,1.14980954,1.140762281,1.165442654,1.17742931,1.294634301,1.298660836,1.261581055,1.439624399,1.505877239,1.544553132,1.62079082,1.594083135,1.565905233,1.583769339,786.2575819,809.4451563,809.1624781,818.1892117,843.5957038,885.635467,957.5849237,990.7452581,987.7274864,1008.907798,1018.716601,964.5473672,1029.264394,996.5520301,1013.153605,1050.897032,1111.688762,1059.477547,1145.257613,1148.89678,1172.395612,1230.423823,1160.35428,1129.622983,1226.906463,1128.767079,1248.155351,1203.192648,1277.778795,1267.801053,1271.811092,1351.267218,1379.685835,1450.122724,1502.883173,1530.850723,1632.1342,1658.8554,1733.533863,1797.40725,1844.351028
Papua New Guinea,0.466,0.284634891,0.329603289,0.492491,0.507319182,0.581398897,0.545511601,0.544591596,0.532545961,0.549823623,0.57401656,0.569043161,0.584840809,0.573383519,0.575867759,0.570946843,0.578266567,0.547367435,0.604276244,0.55554335,0.501573981,0.515034039,0.484410515,0.469997776,0.44524217,0.474743604,0.432322359,0.446905708,0.514169194,0.556017815,0.47017876,0.499675518,0.585355258,0.620618406,0.68366595,0.753289336,0.75674093,0.735691774,0.766431838,0.530746337,0.497213264,0.457112629,667.3020378,689.9518225,708.2310232,732.7180686,730.2976905,703.5632174,661.1775772,648.9254517,685.8852249,680.0777264,646.7762937,627.6843086,612.9076274,615.6922815,597.3648803,605.3582071,618.0175167,619.7189206,622.4718967,598.9433196,566.8707368,605.8515285,672.8191719,775.5572225,800.9902466,754.7246551,792.0837156,741.2829595,694.6610932,689.1339987,654.6687817,637.3149128,620.410249,618.208302,619.5391243,626.3082483,627.1163523,656.3571364,683.9764815,705.0075736,744.2105476
Portugal,0.809,1.756861311,1.87864827,2.080119991,2.237567174,2.283454628,2.320317296,2.4021622,2.401416039,2.372237938,2.58155904,2.75732777,2.762288557,2.953114239,3.036679621,2.91933555,2.750849749,3.06440827,3.170580977,3.315508226,4.153361717,4.250912408,4.416736634,4.82775665,4.66771724,4.719798903,5.127930103,4.988505639,5.212764197,5.662190353,6.283830668,6.091240351,6.055794247,6.410089131,5.854301933,6.01254637,6.193609691,5.587546549,5.737097172,5.4869264,5.386543182,4.904311763,4610.253997,4936.848301,5340.804934,5937.174141,5921.846426,5453.155504,5665.976525,5920.225203,6021.614369,6293.342302,6511.367048,6559.603351,6658.84317,6616.546056,6467.238496,6630.640111,6898.934283,7341.160295,7899.154784,8420.188639,8771.92762,9169.192716,9267.159781,9066.313494,9134.125285,9500.348837,9823.834262,10222.96148,10707.74758,11097.15537,11470.89792,11621.11519,11624.76812,11438.67936,11549.79944,11586.96254,11716.00896,11965.99661,11949.11464,11590.61176,11747.58549
Sierra Leone,0.336,0.336531151,0.304136253,0.252306684,0.19683041,0.186583767,0.184274551,0.155345879,0.173196396,0.234970374,0.219288179,0.192509362,0.214485344,0.167737673,0.204327979,0.178389657,0.187437913,0.185361633,0.133086234,0.119050247,0.095121416,0.097616508,0.117471656,0.054361214,0.054811851,0.073051131,0.073364127,0.081833124,0.084319596,0.076974214,0.072818868,0.102660277,0.13205231,0.135093694,0.137983913,0.129573769,0.106013432,0.137654069,0.115790411,0.118255775,0.113719001,0.117482591,285.2875794,289.9051539,287.2639079,288.3967246,292.9143202,292.0612184,284.9600976,279.2562511,279.9821083,286.3686682,293.7428469,295.7306491,303.319169,290.5269625,295.4598754,272.8443439,268.7034806,279.8897158,253.1175182,249.6542033,254.7936682,259.8855892,211.3136796,216.005705,213.5122035,197.2771487,207.1508898,171.790612,168.627476,152.0644545,153.4779677,174.5914239,212.5765491,221.2939321,227.2505211,234.0492592,242.8925156,251.4170171,259.0029069,261.3687038,268.3072782
Syria,0.632,1.0456421,1.348371472,1.139053732,1.119071356,1.324516501,1.481994081,1.763726314,1.819231898,1.827479763,2.618646089,2.335474044,2.888889612,2.564598589,2.827893444,3.234105741,2.803234413,2.87041649,3.214895573,3.180639122,2.888284189,3.038568175,3.40339195,3.401303523,3.505744821,3.514165174,3.104386641,3.047465054,2.757318296,3.307648793,3.363207367,3.192517004,2.964542857,2.302944969,3.103545487,2.838465771,2.739071584,2.832061721,2.972039494,3.437245341,3.096977956,3.030434275,577.6763805,613.6693973,741.4852221,655.3972429,786.4477802,908.9958096,975.790965,932.3044993,980.9726431,983.3876221,1064.55368,1126.173023,1110.562354,1087.817509,1008.403952,1035.099633,952.8115903,941.2141788,1034.200133,913.8785922,955.1431704,1000.882109,1103.255634,1127.980701,1181.720598,1217.766346,1240.900443,1234.52893,1283.067083,1207.870425,1208.734642,1235.558498,1269.271835,1238.399576,1286.005016,1330.321415,1368.930491,1418.051146,1452.257685,1508.638028,1525.809293
Trinidad and Tobago,0.76,9.298739844,8.28833731,8.363536496,9.470132118,10.05385218,9.53913461,15.62123452,15.67680598,14.65825045,15.76009449,15.70797007,15.73194709,16.48827118,14.32505628,15.15657064,17.69652422,14.66961235,14.67111283,13.20791681,13.36212059,13.95180341,17.1917165,17.00853682,13.52455391,15.84304336,16.62064794,17.16513602,15.07534537,15.07418472,17.72827269,18.97102658,19.29226402,20.65777693,21.20440662,23.64577023,21.72594204,24.3478454,35.04386203,31.95771727,36.04796851,37.77735535,4629.75863,4629.9758,4858.500092,4905.133537,5054.707437,5083.811663,5352.201709,5770.839064,6264.436656,6394.874533,6947.655718,7140.712182,7293.324482,6502.538808,6028.606869,5702.011088,5457.891165,5168.992436,4937.161232,4869.144584,4911.863874,5007.588336,4887.098902,4778.188694,4911.226715,5071.285557,5240.655855,5354.497819,5743.766192,5970.327241,6311.106551,6544.683827,7044.089736,8033.096122,8637.573301,9102.422018,10264.67428,10714.74422,10959.66371,10555.89147,10515.63403
Tunisia,0.698,0.730186451,0.806012667,0.88936148,0.889314833,0.97382602,0.978853287,1.007167624,1.134130497,1.224016008,1.394984302,1.469598595,1.481458236,1.400731156,1.620703407,1.614548885,1.628681011,1.606067678,1.527209166,1.583193228,1.644458258,1.614829063,1.849183824,1.761447818,1.902474324,1.809467469,1.76079975,1.850867979,1.849165891,1.942703714,1.957785894,2.106678672,2.180460813,2.181157781,2.200638128,2.286900966,2.300148418,2.308450238,2.35591968,2.440669476,2.393129475,2.468832135,914.4900747,995.3075485,1152.82819,1125.221503,1192.835175,1251.479516,1319.178256,1330.046212,1378.300549,1429.557887,1495.12759,1536.372765,1489.257848,1519.257424,1575.249255,1614.301508,1541.623535,1603.810107,1569.658113,1576.792463,1661.29315,1692.167982,1787.360256,1791.161976,1814.968772,1828.181448,1930.420696,2007.68857,2080.664494,2177.268831,2245.335059,2327.437616,2340.805906,2454.335085,2576.343908,2653.593468,2776.257059,2921.993577,3023.398051,3083.98651,3143.533869
United States,0.91,20.66471465,20.61159223,21.40459783,22.1679634,21.17817597,20.10844789,20.85663137,21.23777748,21.68539,21.52639004,20.54059203,19.52885838,18.35646376,18.32700114,18.7187054,18.60508308,18.44289823,19.0467892,19.68028544,19.73482698,18.81945743,18.86679494,19.05616432,19.28392343,19.43717997,19.35877149,19.62023371,19.87559408,19.76765214,19.8037525,20.22341689,19.61477176,19.58778636,19.5033538,19.69046185,19.62757965,19.1514501,19.28039782,18.5459917,17.26222431,17.50271785,18228.92179,18622.33742,19441.37991,20394.98709,20104.54175,19868.26519,20746.79894,21491.82018,22461.78537,22914.55504,22630.52015,22978.98471,22310.23937,23105.52073,24554.40288,25338.55564,25965.88342,26549.87602,27388.61802,28098.40072,28298.44695,27849.88084,28401.46518,28834.55935,29655.06941,30050.98673,30827.9882,31831.46159,32847.35197,34053.35541,35081.92308,35116.21508,35427.90996,36021.31408,36931.39383,37718.00537,38349.39879,38710.88544,38208.76118,36539.22823,37329.61591
Argentina,0.797,3.449364069,3.648298969,3.636202343,3.729145259,3.724958799,3.639849909,3.766217602,3.746657379,3.758927453,3.99443443,3.865042553,3.572365437,3.565892649,3.572537913,3.562338312,3.313792955,3.382008183,3.675484664,3.828091095,3.637484203,3.44959894,3.535751351,3.620639537,3.490030345,3.583325741,3.515586597,3.661563359,3.770570751,3.80967752,3.981141308,3.819693795,3.555285353,3.273067083,3.502902225,4.072843801,4.160611395,4.464492014,4.582394268,4.785169983,4.48356446,4.466338068,6611.234203,6872.758345,6867.510789,6940.168635,7200.908314,7081.660694,6830.307724,7193.565031,6767.812207,7349.623944,7540.685263,7004.45874,6556.347586,6707.05686,6751.820111,6146.155455,6531.926422,6623.374506,6360.588619,5800.056982,5581.962341,6203.445662,6851.752586,7162.093421,7483.560918,7179.938826,7484.004016,7994.115547,8205.47459,7839.514938,7695.594073,7283.062916,6428.393836,6933.155594,7492.249508,8107.975365,8717.176296,9388.688523,9935.834246,9933.229024,10749.31922
Belgium,0.886,13.05041046,12.57850373,13.49172112,14.26992573,13.85066333,12.47374632,13.25373764,12.88170223,13.81007942,14.24442499,13.73794927,12.59384217,11.94317435,10.33003605,10.71709981,10.61345134,10.43973191,10.44482946,10.14037745,10.82946539,10.90157733,11.78470028,11.43122472,10.85663424,11.2648279,11.20711871,11.84509069,11.49808755,11.76602654,11.41401577,11.37004648,11.23814512,10.4857686,11.14472772,10.74369108,10.41989843,10.19806569,9.792962953,9.797336714,9.772560976,10.16952908,11360.19747,11791.48609,12367.39264,13115.30933,13670.97581,13363.53885,14093.74132,14164.4889,14553.44433,14880.76986,15524.95964,15482.00925,15578.35832,15628.17983,16013.87103,16273.53897,16564.26086,16931.90098,17675.34605,18222.22107,18737.95878,19010.66574,19223.50264,18964.36992,19516.10388,19939.71072,20184.3295,20887.6142,21245.09101,21946.74568,22697.0123,22801.77672,23008.44994,23097.21262,23750.45981,24033.7833,24512.41314,25034.66692,25082.37413,24190.59495,24550.39655
Belize,0.699,0.989079257,1.144247157,1.237678816,1.131687243,1.169839413,1.317740076,1.300486205,1.445160537,1.558530131,1.482122342,1.325648281,1.244135597,1.13725102,1.103491259,1.070453214,1.150035386,1.204272823,1.29762394,1.385554666,1.625796451,1.638272857,1.834316003,1.762191658,1.816036904,1.746414946,1.71424335,1.360406002,1.67207294,1.553040311,2.459732784,2.751697856,2.772343085,1.368018569,1.391576127,1.387398204,1.409518521,1.417945547,1.451035512,1.36012592,1.356699564,1.353113391,1193.028907,1222.444067,1331.030169,1385.884945,1552.024006,1579.640919,1546.192084,1606.723937,1688.098831,1765.484261,1979.799676,1953.271048,1897.662051,1820.56843,1798.958544,1772.012303,1807.394307,1955.036382,2080.996636,2309.739636,2476.81753,2666.273839,2912.125313,3004.324132,2923.503151,2867.582161,2836.493237,2834.8938,2836.13232,3026.777086,3329.663731,3392.853836,3459.62445,3664.651612,3713.233789,3705.052686,3754.122862,3680.916429,3684.074728,3561.345948,3542.364501
Chad,0.328,0.034100084,0.040168369,0.031555005,0.041058624,0.037365678,0.044562262,0.043639645,0.046199744,0.044464172,0.045226152,0.045892823,0.044887198,0.043090543,0.042051401,0.043169604,0.034877663,0.035253153,0.036196044,0.011690296,0.017619208,0.024398802,0.011240609,0.01377614,0.015038556,0.01512954,0.014670632,0.014729483,0.015260169,0.014781416,0.015225906,0.021405133,0.020231799,0.019098954,0.04165805,0.039860154,0.040841066,0.04036062,0.044543692,0.047839126,0.040565334,0.04180321,226.862459,216.6275841,213.8611828,191.2121433,196.012722,208.9584178,210.7317473,211.1847657,206.1136326,158.7065245,145.9974612,144.2875656,148.5237038,167.6670557,166.7207562,197.5315344,183.9986147,174.1621285,194.8745103,198.0353201,183.9441217,193.6350667,202.9054101,165.9573803,177.3187634,174.0664733,172.4750383,176.6110338,182.9623533,175.8331812,168.4499977,181.5604881,189.9901139,210.2762831,271.4740773,308.4009003,299.8800932,292.1434649,283.2750275,272.6255027,300.1061535
Colombia,0.71,1.331563604,1.38705355,1.406419992,1.471589944,1.557362925,1.498000572,1.553419658,1.568411065,1.623307074,1.691154575,1.650312749,1.617375663,1.633572388,1.72106124,1.668134957,1.612825127,1.602855309,1.614368691,1.643225515,1.634921774,1.726694748,1.687318038,1.798506912,1.821428687,1.887416412,1.635213808,1.630765987,1.718162115,1.716238632,1.445093764,1.456554292,1.392010183,1.354889456,1.375837526,1.299164209,1.415873837,1.44026659,1.430214323,1.47609182,1.551750085,1.634580982,1488.348372,1538.557978,1618.114933,1688.037913,1745.077087,1744.171693,1786.679892,1818.353465,1927.246698,1984.909177,2019.85473,2019.668467,1993.949996,1981.468562,2003.992013,2022.211966,2095.750242,2163.121139,2205.628897,2235.866531,2324.843633,2332.361881,2403.772309,2415.206674,2509.615733,2592.710818,2599.008309,2641.021632,2610.185487,2458.021358,2511.974665,2512.519737,2534.3331,2592.376265,2688.508426,2772.214728,2913.479828,3068.477266,3131.177668,3137.695335,3218.071704
Denmark,0.895,12.59864662,11.50555456,11.94800546,11.80396143,10.91903974,10.99443431,11.80780132,12.0655012,11.8983832,12.24201178,11.75288459,10.06079564,10.43591109,9.759396924,9.890119056,11.68683895,11.45131607,11.355024,10.70915342,9.508081704,9.675485515,11.87336867,10.50153002,11.00910421,11.71249074,10.53541597,13.05294381,10.809832,10.57868801,9.571741038,8.850265221,9.154250034,9.172628705,10.35004201,9.36852657,8.689944331,10.1053826,9.18756731,8.541507801,8.054240996,8.341948729,16392.96976,16768.1407,17368.57872,17912.89592,17684.20628,17417.91937,18432.89087,18739.19748,19105.99455,19811.98194,19691.43009,19522.33061,20262.27005,20813.88373,21692.26082,22556.1085,23640.82914,23679.3603,23634.09096,23755.23628,24097.90792,24348.01403,24747.03263,24642.62019,25916.55271,26572.14846,27171.14342,27923.91653,28423.78832,29055.2665,29980.15547,30083.47866,30127.21553,30160.70124,30773.70579,31439.4391,32400.06061,32767.40349,32320.10054,30326.03845,30667.82486
Ecuador,0.72,0.717068645,0.686752218,0.725453622,0.807029836,0.907476622,1.065857526,1.140882107,1.023035827,1.385192591,1.571856152,1.689157986,2.040686243,2.295202741,2.265899653,2.399296394,2.137337884,1.638325944,1.581297459,1.763566133,2.0210877,1.640614389,1.571004572,2.079261762,2.208064591,1.220401301,2.003629611,2.062170298,1.552119832,1.858537021,1.750905842,1.696257134,1.867797915,1.933646448,2.041963069,2.169375743,2.227352744,2.176390677,2.220694554,2.110517801,2.136511516,2.256060986,928.38972,959.7221622,974.8998795,1099.971893,1157.883922,1218.663667,1274.635287,1267.456077,1315.911457,1346.169969,1367.517295,1375.31471,1331.018709,1263.228995,1277.740533,1281.525853,1300.342865,1241.260481,1312.864388,1294.739605,1299.211204,1336.352827,1327.249289,1303.469895,1337.833423,1336.079949,1344.586764,1376.516189,1383.787635,1276.486467,1291.341613,1337.822903,1382.484605,1403.492992,1501.796897,1562.326863,1610.967343,1618.868002,1710.53306,1692.067197,1728.052156
Finland,0.882,8.769434985,8.778091179,9.507781929,10.57782176,9.94882992,9.784144891,10.8475456,10.59608155,10.92820823,11.40693831,12.1856846,10.72827309,8.926276768,8.565994968,8.659349263,10.13040524,10.83556584,11.67702694,10.53789434,10.58474368,10.37620486,10.72881148,9.504645631,9.990001437,11.30341598,10.34143453,11.95613992,11.67224497,11.06259001,10.73577173,10.07782806,10.88081802,11.75070541,13.21960352,12.83667686,10.41897471,12.56959193,12.09277656,10.64411428,9.95273653,11.52722585,11007.46695,11252.69389,12051.20233,12819.82547,13165.63493,13343.90089,13349.55224,13344.14487,13694.37881,14632.23762,15372.87969,15504.38506,15887.87324,16271.03092,16687.27239,17166.60394,17562.96619,18124.43227,19015.40367,19908.95772,19921.02316,18623.78039,17874.02535,17643.54519,18209.5322,18858.96271,19468.15567,20614.91289,21594.65366,22386.62957,23529.53846,24012.15877,24393.37625,24825.00902,25774.06477,26435.02344,27495.24136,28839.22241,28789.54385,26205.68832,26953.22055
Gambia,0.42,0.103925249,0.116418871,0.135304127,0.123611764,0.119599017,0.183977254,0.178407309,0.198755824,0.236330433,0.240958577,0.25034959,0.241517403,0.238065375,0.22887602,0.234449257,0.22425804,0.200291913,0.212461853,0.206637031,0.193619466,0.197346654,0.197752414,0.191536042,0.196332251,0.190872112,0.192094298,0.186766675,0.181616442,0.191557745,0.203657961,0.212014025,0.211378924,0.229160838,0.222407483,0.220929965,0.214584949,0.218019952,0.248844225,0.251002328,0.259454428,0.273664454,536.9515279,520.9586923,505.7759209,534.5068126,547.5578856,596.0636532,620.5091004,622.7936555,642.2772092,613.8496131,630.4766662,628.4387031,600.7492097,640.4174054,635.8501573,603.2702571,599.0815788,584.642583,582.1885759,589.4634565,586.2970526,583.3210365,584.0733272,584.2727859,568.9004705,558.0128043,554.6001903,565.7326917,569.3354283,588.8347706,603.5953462,620.1534733,582.399702,604.0681646,627.7599801,603.9892861,593.5751773,598.0822683,615.0835921,636.9905143,660.243831
Greece,0.861,2.748018633,3.148401936,3.558903001,4.180053798,4.038086394,4.296705276,4.68933271,5.067269533,5.110242303,5.379244085,5.333158275,5.213423764,5.323247846,5.639596488,5.76695101,6.099612668,5.928730493,6.342001136,6.767897592,7.348414474,7.156864935,6.597911168,7.29349787,7.228357636,7.410220701,7.419360673,7.474726492,7.812024149,8.066623278,7.920254135,8.337942618,8.501961723,8.458277636,8.615670327,8.714337988,8.822795988,8.670475579,8.727772148,8.661235531,8.377921604,7.633303302,6687.942869,7181.133651,7859.491655,8457.018022,7883.455788,8307.03835,8739.426525,8880.15771,9401.003119,9589.254221,9559.824869,9327.285855,9164.967532,9013.52541,9149.059235,9342.314356,9359.666587,9117.707644,9474.189704,9783.022671,9718.099838,9922.266946,9882.290356,9635.28819,9746.499079,9875.024813,10037.32849,10337.45326,10627.60307,10942.8272,11396.23262,11839.32069,12204.5999,12887.77317,13404.22954,13657.70934,14352.83954,14801.55423,14711.61049,14192.63181,13452.02377
Guyana,0.633,2.192659931,2.054912149,2.122793117,2.437936673,2.089844494,2.438539067,2.320877926,2.490991032,2.672921242,1.964079503,2.30330117,2.321246605,1.82021401,1.628705632,1.851463658,1.8878819,1.402656322,1.772298261,1.91637805,1.641609913,1.573023272,1.550906216,1.454272415,1.456734569,1.836987121,2.034857233,2.097422461,2.195750193,2.263876454,2.300764461,2.195695636,2.169102998,2.141341163,2.11312436,2.188928165,1.921199979,1.724750029,2.087366301,2.073415312,2.064594724,2.254935875,757.0044764,770.8807193,739.2007646,744.2074858,797.2820497,859.2628178,865.1153194,834.2158945,811.6026826,791.3793797,802.9163825,816.2606099,712.3309465,669.226611,641.3840391,662.7719723,662.6400873,674.4169178,654.6327457,626.2465195,609.9144221,647.7405117,698.3067679,754.3156546,816.757138,855.8023537,921.988811,978.3899643,960.7321921,987.8610185,972.1278856,990.9916926,997.7651037,983.8503328,1012.40708,989.2804709,1037.127543,1107.351968,1126.971645,1162.152681,1210.569558
Kiribati,0.624,0.501241712,0.653580208,0.560689138,0.786348982,0.694517521,0.680538657,0.665684949,0.433497537,0.422954917,0.481099656,0.535846943,0.522131245,0.445076414,0.371477298,0.361420052,0.351325455,0.284277393,0.331041124,0.321562208,0.313216304,0.306257395,0.30069844,0.296244429,0.29244819,0.288759385,0.284797017,0.467502221,0.367986819,0.406980329,0.355452151,0.39281038,0.300019482,0.462819527,0.454326995,0.486736432,0.677624618,0.744827193,0.540106408,0.569759251,0.411451267,0.626176173,1217.664029,1169.535165,1289.63145,1534.598822,2194.078676,2272.756177,1641.069431,1539.297057,1526.750056,1323.248844,720.269957,680.6106816,710.6261229,756.8216992,730.5850252,681.4662383,676.9842413,642.1526022,743.2378595,665.4672616,670.2638547,629.7709496,640.1912383,653.954267,677.3191611,661.54344,691.4175765,718.1945537,783.5762528,771.0643573,812.2820768,773.1388605,805.9539156,826.7867616,819.3379681,785.373675,769.2194408,773.0187997,743.1437139,714.6150579,713.5624963
Liberia,0.329,1.008559559,1.030748331,0.990427619,0.94651226,1.070078333,0.895673085,0.865885085,0.839496188,0.833903287,1.045370811,1.06231214,0.975230748,0.291982664,0.334516053,0.321331797,0.326624641,0.328478928,0.346335607,0.373392589,0.309055925,0.227540057,0.136753445,0.141013352,0.158902835,0.156378528,0.159299198,0.156395889,0.15067359,0.152968086,0.150131153,0.153245133,0.170902602,0.167663413,0.175039365,0.202734097,0.232728229,0.229047855,0.195080501,0.157352183,0.137645926,0.200127421,759.9507565,775.5930142,785.5523635,746.4991416,759.9227427,712.5492516,729.0347528,719.8268559,733.0569765,734.5005098,682.4003209,645.5258338,608.244717,577.91413,551.974036,539.3901312,527.9864537,524.7438983,519.3949633,386.2721767,192.0145425,167.5149286,110.7091446,75.06432943,58.4599316,54.50519236,58.08325438,111.8601987,134.7861016,155.2565309,185.8134039,219.7689494,284.3651077,188.4030778,175.5789124,186.8010756,196.9509939,217.1365282,228.1123148,247.4982622,263.7055952
Malawi,0.4,0.100339566,0.10761467,0.113486716,0.115109651,0.107168877,0.109269808,0.106366015,0.112518097,0.11442832,0.105366664,0.11399759,0.094396867,0.090447758,0.08539466,0.079991718,0.076680466,0.072270733,0.067213396,0.062979196,0.062385662,0.065274532,0.068866959,0.067790929,0.071284416,0.073542223,0.073827869,0.070634618,0.073552748,0.078085102,0.091311952,0.080656011,0.07855323,0.074677516,0.078798216,0.078196861,0.071488434,0.072247788,0.070152696,0.082469881,0.073372482,0.083172039,121.2422747,136.7823178,140.8933527,139.6359764,144.9055449,148.8031497,151.131402,153.2753119,162.6546645,164.4457194,160.2232084,147.7407881,147.7910253,149.332191,152.2302026,152.5990162,144.4648578,138.3718826,134.6783539,129.9353945,132.5055352,141.0247834,129.360236,141.3153563,126.188337,145.6410746,153.3909449,155.3738924,156.9657643,157.1518033,155.2715445,143.700152,142.3914479,146.3657361,149.4329748,149.4843299,148.2569961,157.6213676,165.6965065,175.1996212,180.9022956
Mauritania,0.453,0.378460732,0.342507918,0.372324163,0.379338346,0.379861084,0.388426368,0.382632199,0.400595814,0.40700751,0.410281589,0.415509028,0.424843463,0.549696754,0.565358461,0.508828647,0.375511322,0.208316739,1.782260433,1.707068401,1.466364713,1.335806839,1.341165087,1.397014283,1.367207089,1.401869369,1.302180476,1.272155627,1.236647764,0.445234191,0.466947406,0.467569744,0.496011506,0.511962923,0.511449849,0.550397152,0.549894894,0.535363775,0.595765768,0.613103977,0.654601007,0.640119068,618.0885057,611.4916358,589.5397521,546.2434475,594.9335315,548.050216,577.7009671,550.5126173,532.0007718,541.5331574,543.8493166,546.6491043,518.7778954,523.1012913,492.2848156,493.3351113,507.7229519,503.8970039,499.3001375,509.5373674,487.3070393,482.7378614,478.453331,492.6801393,464.4188105,495.871645,510.1200356,475.82487,483.3906596,505.9877562,489.511645,485.096439,474.3767771,488.4919086,502.1870326,532.3746624,616.1063541,609.9344005,615.5627259,593.2220962,609.1711718
Nepal,0.458,0.019074994,0.016242865,0.021461407,0.033036794,0.032557555,0.026321557,0.020622507,0.024066793,0.022994886,0.03493506,0.03606878,0.029513353,0.028125504,0.030645225,0.042564301,0.040052733,0.040596473,0.049146294,0.054647339,0.049022274,0.033244128,0.049128481,0.066407867,0.071383003,0.080595071,0.094235335,0.112296696,0.122643487,0.09681053,0.13512206,0.132537692,0.138269598,0.106001327,0.112902376,0.10361353,0.118808734,0.095639579,0.09511109,0.105412983,0.119096386,0.125325313,145.249731,140.3100327,141.4128351,137.5241699,142.870728,141.6020554,144.4023785,145.2990588,148.1649713,148.1351754,141.3197362,149.5294356,151.5499571,143.596151,153.8119027,159.4429257,162.8249453,161.7148596,170.074292,173.2370545,176.9264061,183.6400765,186.5201625,188.9529063,199.4516947,201.2977806,206.8237863,211.9611335,213.0659607,217.1422754,225.1686785,230.5017575,225.5201444,229.2083438,234.7833261,237.1098462,241.0469797,244.5372613,254.694255,261.4691799,269.24519
Nicaragua,0.589,0.58558784,0.609510466,0.630005276,0.696130925,0.719807713,0.690268208,0.772647738,0.955818486,0.860515063,0.543495051,0.625400321,0.642216262,0.617391671,0.568956732,0.513081832,0.538593279,0.598331513,0.631247103,0.569851276,0.366711345,0.618407879,0.475369282,0.553825509,0.519767961,0.560209639,0.599376614,0.607345671,0.651287926,0.696473819,0.726031904,0.741470137,0.76984806,0.773412541,0.834110052,0.826298871,0.796287939,0.812956776,0.825776249,0.778151613,0.787242078,0.785511166,1689.469718,1692.843461,1678.365249,1732.279049,1918.534579,1857.936392,1896.034909,1993.383834,1782.947759,1272.904881,1293.989049,1325.730988,1279.41649,1303.467248,1250.989036,1171.440223,1133.639581,1101.837383,944.7085246,909.0340455,888.0689688,865.7075985,848.1214743,824.4154524,832.0932981,862.0452469,898.118078,916.0091673,933.1650014,982.2554692,1006.62731,1021.348188,1015.033607,1027.131293,1068.013361,1099.721345,1130.956438,1172.860136,1191.478584,1158.878313,1179.183343
Niger,0.295,0.04947072,0.051276155,0.054519282,0.069039549,0.058835434,0.065796341,0.063873671,0.068139204,0.075421612,0.084184467,0.097427538,0.113554267,0.120487206,0.151112666,0.15148219,0.147895482,0.130092482,0.140381484,0.134933931,0.137826075,0.106871106,0.102202399,0.094539656,0.102581534,0.098365979,0.10026974,0.106913496,0.102887928,0.105473509,0.100459297,0.072847097,0.067119827,0.069535908,0.072617315,0.076858019,0.063773593,0.059930044,0.058895256,0.063437109,0.072489628,0.091005089,307.3022132,315.2349613,290.2173268,233.7258658,246.8273325,232.9369627,227.6638099,238.1697606,262.4046791,273.0997389,259.4851454,253.8362759,250.8967598,232.4824033,188.1170719,197.1190192,203.9097807,198.4229121,206.1466034,202.054721,193.4979576,192.2191654,173.9879134,170.7758392,171.746869,170.3290646,170.1947187,168.9068441,180.1044006,172.9273576,164.6489476,170.331118,169.4740445,172.3869354,166.6644296,168.1737544,171.7644805,171.4210995,179.8311403,171.996392,179.2932276
Panama,0.768,1.459553952,1.676983011,1.755976148,1.978082424,1.795849337,2.121422019,2.038810215,1.905314459,1.526020393,1.674140978,1.599566622,1.67162014,1.611356425,1.673058539,1.350549006,1.20617134,1.237250449,1.408872862,1.263312829,1.065795553,1.14586843,1.3158519,1.686690321,1.533918207,1.653765567,1.114960468,1.692586262,2.0259077,2.091718614,1.954958025,1.958531763,2.325870874,1.912707094,1.968497429,1.824132584,2.111691007,2.237005412,2.126239515,2.223796343,2.49429432,2.73893271,2734.769954,2916.337375,2967.853799,3045.6105,3038.791358,3007.975438,2980.118126,2939.522931,3147.063123,3210.478243,3170.321512,3383.837548,3486.051055,3257.461907,3274.608714,3364.432072,3412.434303,3282.279914,2785.487049,2771.754635,2935.477573,3146.642997,3335.373924,3445.733705,3472.019002,3461.541479,3487.450297,3638.829767,3828.978102,3901.628204,3930.98941,3879.405698,3892.880356,3983.350796,4207.060947,4431.128087,4726.880151,5210.719076,5643.895786,5767.710644,6109.58737
Philippines,0.644,0.698966442,0.756043895,0.704218569,0.816403014,0.768029524,0.795330833,0.835067418,0.849432079,0.842144292,0.833274243,0.786093983,0.716149473,0.703166447,0.692100226,0.58921772,0.518868734,0.525864598,0.572883234,0.644101065,0.651191466,0.677601318,0.695626917,0.753926966,0.747696893,0.809338194,0.876543138,0.87753901,0.982389702,0.935078558,0.913885434,0.948135642,0.899713583,0.884670288,0.86914812,0.882323645,0.87467904,0.776969248,0.785797322,0.842120697,0.81543599,0.874786996,820.633505,840.6701446,861.4201371,911.8395306,917.7806572,941.7608066,996.1570299,1022.763155,1045.876294,1074.301998,1098.398297,1104.660503,1113.174592,1103.019915,994.458451,896.9576615,902.8139894,916.8221214,953.239354,986.6175824,991.400335,961.9688431,942.6405175,940.557041,959.6490898,982.0315551,1016.311842,1045.458888,1016.775298,1025.551505,1048.070513,1055.807441,1071.690095,1102.215971,1153.022382,1185.37688,1225.045039,1283.46737,1314.225968,1307.139627,1383.404865
Senegal,0.459,0.319560964,0.31978029,0.333028978,0.343691042,0.398043361,0.539403179,0.361277364,0.44580021,0.510083907,0.549369753,0.619004434,0.592929693,0.534487542,0.447805233,0.546489441,0.429476416,0.414620884,0.370773664,0.402239302,0.525947303,0.439499356,0.45897419,0.452676899,0.453985725,0.479094469,0.417526723,0.435295683,0.370299135,0.379434873,0.399310605,0.414270689,0.443734387,0.453614553,0.486730894,0.498992753,0.538942505,0.428725159,0.464937483,0.461633711,0.483059267,0.56767635,551.7765027,533.4486604,549.3282166,502.3626327,507.8078842,530.8279615,563.2717615,534.9344551,501.7805049,524.1676308,494.2061574,505.6858826,530.5448804,488.2285676,492.0441587,493.4874651,493.9569179,508.5687108,490.5341343,494.8902392,477.0034157,474.7715574,466.5830076,459.024336,446.0914038,457.3258796,454.4335481,456.8869761,471.9133211,489.4203221,492.2862252,501.4912849,491.4620661,510.2133638,525.8493055,540.5931403,539.4896428,550.6476376,555.9069869,552.5429026,560.2574435
Singapore,0.866,8.779073066,7.852526786,10.33070649,9.680333216,9.855335147,10.84711931,13.10555806,12.21247228,14.14566693,15.20559071,13.01712429,10.89906678,11.80232068,13.54692214,12.6181277,12.33621227,12.6585298,11.54676872,12.53337129,14.22730052,15.55944659,15.29973721,15.75290459,16.61556276,19.30653383,13.52960291,15.46207034,18.86128859,15.23105404,13.02175926,12.50257274,12.44340974,11.71233261,7.618604765,6.843890705,7.115879149,6.983366799,3.896273284,4.114440755,5.007368436,2.657862567,4628.316527,5092.774074,5675.693832,6187.813013,6479.604853,6681.030483,7081.622775,7505.310996,8056.022423,8702.141773,9457.470949,9979.843179,10236.32233,10972.39757,11717.81261,11624.62962,11787.19813,12859.31989,13926.9542,14906.23339,15787.90256,16339.42791,16970.76377,18446.17393,19767.48282,20571.45946,21258.52785,22305.68363,21092.56352,22221.38452,23814.55661,22913.32124,23658.8657,25110.50033,27068.9741,28388.86966,29925.50494,31246.99685,30131.61718,28949.85732,32640.68442
South Africa,0.619,6.654888318,7.294587551,7.234083195,7.115962578,7.057259988,7.20602784,7.327089106,7.402268494,7.302103865,7.718014363,7.856101802,8.6273645,9.170623962,9.302943963,9.809658409,9.828723711,9.806766751,9.545995955,9.745863561,9.483255351,9.063547759,9.188038655,8.405987126,8.647372569,8.852466117,8.536373093,8.502692148,8.660250638,8.55278692,8.405596029,8.234447518,7.991048988,7.555187225,8.165662922,9.043477623,8.287456989,8.789515823,9.082425042,9.427960373,10.12824343,9.177268721,3104.017979,3163.033507,3142.533834,3212.63632,3333.71864,3316.454761,3318.59184,3246.414281,3274.519608,3324.782985,3463.247113,3561.259029,3459.787492,3309.967643,3389.641627,3262.743579,3180.686464,3167.455626,3222.65484,3226.92477,3151.838614,3056.094145,2929.027116,2903.199593,2933.724114,2960.422458,3019.966,3029.772513,2974.681189,2972.203412,3019.946367,3039.70613,3108.043654,3159.237852,3264.317383,3397.720015,3548.09031,3704.084266,3795.976906,3697.67368,3753.445365
Turkey,0.699,1.202226606,1.316816236,1.453340778,1.570037502,1.578365283,1.659483076,1.822512438,1.974160463,1.830283845,1.752038574,1.717642648,1.7697168,1.882778818,1.914608548,1.980700064,2.160083655,2.319173012,2.529648947,2.415875279,2.618456767,2.694272023,2.698420596,2.733170905,2.793516506,2.708119828,2.921204315,3.145677775,3.265863119,3.248784895,3.138322808,3.396750939,3.013720544,3.142425025,3.293506192,3.352171129,3.483062855,3.787048964,4.066597141,4.021902589,3.866865892,4.095749975,2120.949038,2190.736343,2302.071239,2325.048208,2401.526287,2518.194066,2722.419983,2755.914194,2738.352665,2662.814606,2540.363158,2603.252664,2633.685309,2701.014169,2818.239598,2875.984715,3016.949404,3241.651655,3257.918275,3210.730137,3448.001406,3413.644475,3525.163557,3731.731996,3499.091157,3713.622635,3923.860895,4154.442935,4184.287831,3982.203914,4189.478062,3894.650922,4077.772373,4234.679177,4569.414208,4887.370377,5154.661097,5323.682988,5288.416087,4968.579023,5356.000439
United Kingdom,0.863,11.73509611,11.83821087,11.5863756,11.76813856,10.99418576,10.73346463,10.64201121,10.74232089,10.74747294,11.45427768,10.28786897,9.957271922,9.73479352,9.678931901,9.37840835,9.905083036,10.04408295,10.07541517,10.0244547,10.19431519,9.979974648,10.18479656,10.04789317,9.682954166,9.598924796,9.58007003,9.82361425,9.354158029,9.322261392,9.127136584,9.233474647,9.315212814,8.963441073,9.069662878,9.022277534,9.001867972,8.952900983,8.684595423,8.526466818,7.705539254,7.954468702,13042.15454,13248.14066,13682.09848,14654.40265,14399.17009,14302.76811,14707.52972,15060.07028,15571.78611,15985.1579,15618.14742,15406.08218,15734.18065,16298.88277,16707.75076,17269.88771,17921.25699,18699.03581,19596.42538,19991.39969,20087.04974,19746.19063,19721.73864,20111.73115,20919.22294,21498.79017,22061.54938,22732.53847,23463.03804,24125.47891,25057.61353,25686.65028,26214.96735,27105.18271,27752.91158,28354.03958,28913.09629,29771.30335,29287.76042,27933.77767,28244.33694
Uruguay,0.783,2.044058685,2.061345617,2.153931093,2.046880112,2.012992242,2.109759073,2.075617097,1.97826534,1.997218781,2.168348945,2.002733516,1.832143565,1.650120314,1.284197607,1.153387501,1.094848731,1.049192923,1.167722493,1.566734003,1.58036253,1.284285403,1.454422351,1.639262655,1.405713189,1.270593372,1.424168655,1.67606966,1.699139969,1.72843431,2.033286064,1.59854208,1.530714036,1.389315323,1.383637806,1.689063569,1.738133813,1.997825563,1.798415923,2.489763547,2.35023763,1.972223822,4331.945442,4308.067163,4246.461191,4257.192079,4377.41303,4634.344765,4797.719535,4840.954429,5067.763979,5344.767453,5618.848079,5669.092307,5082.623703,4531.008006,4450.496128,4486.834721,4851.208549,5206.312869,5250.333556,5274.009399,5253.942903,5401.617022,5788.057622,5898.529062,6281.936354,6146.711025,6465.206609,6973.363589,7249.309766,7076.216877,6914.362582,6633.475168,6120.259436,6178.858603,6491.610552,6967.471275,7233.906191,7685.2245,8211.661782,8382.829016,9096.794459
Venezuela,0.735,6.98029969,5.663338059,5.475284058,5.621981181,6.135026606,5.032009657,4.365102959,4.683044044,4.875022367,5.255721341,6.03833144,5.936520673,5.861889889,5.686644293,5.543785569,5.864136122,6.173562566,6.089814033,6.203918412,5.668686829,6.205244349,5.724931468,5.130254647,5.892077519,6.023996029,6.046072923,5.455367516,5.833523973,7.142414583,7.225967549,6.259217617,6.953024135,7.646174345,7.4635815,6.421846254,6.811162455,6.333103577,6.369959049,6.657569867,6.498067976,6.961007434,6302.713185,6184.439768,6054.362834,6265.702312,6177.160631,6137.763275,6383.128957,6548.060577,6472.936688,6308.075224,5841.28064,5620.499655,5340.346924,4991.688754,4923.357323,4800.957486,4981.422963,5030.864859,5194.644417,4637.391973,4823.487126,5175.666615,5366.577735,5263.645046,5029.950337,5119.602561,5005.250067,5218.154035,5132.015852,4733.817832,4818.70818,4890.92999,4377.382134,3966.499729,4610.489039,5000.076202,5401.421719,5777.628568,5984.144953,5700.884058,5528.363114
Zimbabwe,0.376,1.567737416,1.623204295,1.475705379,1.608881353,1.517612996,1.348349448,1.704999077,1.412885857,1.367352736,1.343714257,1.321908075,1.246040992,1.118908009,1.276634225,1.164131788,1.158969695,1.428493335,1.600132838,1.634179313,1.591539724,1.480787807,1.472027371,1.535539041,1.441290562,1.538290924,1.294742332,1.260838816,1.191934033,1.162341642,1.276289034,1.110011767,0.998965011,0.94634606,0.842467063,0.787884075,0.856967286,0.825534834,0.818160902,0.65432319,0.700176816,0.749873483,515.236387,542.5294294,567.9035672,562.9935299,580.2234614,550.3385386,535.2072598,482.7995246,454.771817,454.1207147,501.2555977,543.0334085,535.8794833,523.1450476,493.3648308,507.833108,499.6531516,487.6665756,506.9892685,516.728512,536.9977134,551.9922021,490.4775035,485.1061674,519.4969303,510.7519156,553.8762918,559.537089,567.4543121,556.3033687,534.7911515,539.662758,490.3868614,406.8785624,383.7076653,362.5763768,351.1720467,339.6548829,280.3085028,296.5486099,322.5569276
